categories,employmentTypes,metadata_expiryDate,metadata_isPostedOnBehalf,metadata_jobPostId,metadata_newPostingDate,metadata_originalPostingDate,metadata_repostCount,metadata_totalNumberJobApplication,metadata_totalNumberOfView,minimumYearsExperience,numberOfVacancies,occupationId,positionLevels,postedCompany_name,salary_maximum,salary_minimum,salary_type,status_id,status_jobStatus,title,average_salary
"[{""id"":13,""category"":""Environment / Health""},{""id"":25,""category"":""Manufacturing""},{""id"":36,""category"":""Sciences / Laboratory / R&D""}]",Permanent,8/5/23,FALSE,MCF-2023-0252866,8/4/23,30/3/23,2,5,151,0,1,,Executive,WORKSTONE PTE. LTD.,2800,2000,Monthly,0,Closed,"Food Technologist - Clementi | Entry Level | Up to $2,800",2400
"[{""id"":21,""category"":""Information Technology""}]",Permanent,8/5/23,FALSE,MCF-2023-0273977,8/4/23,8/4/23,0,0,55,2,2,,Executive,TRUST RECRUIT PTE. LTD.,5500,4000,Monthly,0,Closed,"Software Engineer (Fab Support) (Java, CIM, Up to $ 5.5K) - DS",4750
"[{""id"":33,""category"":""Repair and Maintenance""}]",Full Time,22/4/23,FALSE,MCF-2023-0273994,8/4/23,8/4/23,0,7,99,3,1,,Senior Executive,PU TIEN SERVICES PTE. LTD.,4600,3800,Monthly,0,Closed,Senior Technician,4200
"[{""id"":21,""category"":""Information Technology""}]",Permanent,8/5/23,FALSE,MCF-2023-0273991,8/4/23,8/4/23,0,6,113,8,1,,Senior Executive,TRUST RECRUIT PTE. LTD.,10000,5000,Monthly,0,Closed,"Senior .NET Developer (.NET Core, MVC, MVVC, SharePoint) - DS",7500
"[{""id"":2,""category"":""Admin / Secretarial""}]",Full Time,8/5/23,FALSE,MCF-2023-0273976,8/4/23,8/4/23,0,3,99,2,3,,Non-executive,EATZ CATERING SERVICES PTE. LTD.,3400,2400,Monthly,0,Closed,Sales / Admin Cordinator,2900
"[{""id"":7,""category"":""Consulting""},{""id"":21,""category"":""Information Technology""},{""id"":29,""category"":""Professional Services""}]",Full Time,22/4/23,FALSE,MCF-2023-0273974,8/4/23,8/4/23,0,4,110,1,3,,Junior Executive,BYTECENTURE CONSULTING PTE. LTD.,6000,4000,Monthly,0,Closed,Software Support Engineer,5000
"[{""id"":21,""category"":""Information Technology""}]",Permanent,8/5/23,FALSE,MCF-2023-0273984,8/4/23,8/4/23,0,28,171,3,1,,Manager,TRUST RECRUIT PTE. LTD.,10000,8000,Monthly,0,Closed,"Urgent Hiring!!! Business Development Manager (Process Automation Solution, MES, Pre-sales, Siemens, Aveva)",9000
"[{""id"":37,""category"":""Security and Investigation""}]",Permanent,8/5/23,FALSE,MCF-2023-0273993,8/4/23,8/4/23,0,9,137,3,1,,Senior Executive,TRITON AI PTE. LTD.,7000,6500,Monthly,0,Closed,IT Security Engineer (Maritime/ Cloud Security),6750
"[{""id"":1,""category"":""Accounting / Auditing / Taxation""},{""id"":24,""category"":""Logistics / Supply Chain""},{""id"":35,""category"":""Sales / Retail""}]",Permanent,12/5/23,FALSE,MCF-2023-0261996,12/4/23,4/4/23,2,5,82,1,1,,Manager,WORKSTONE PTE. LTD.,5500,3000,Monthly,0,Closed,"Assistant Sales Manager (Hunter Role)- Up to $5,500| Freight Forwarding| Changi",4250
"[{""id"":7,""category"":""Consulting""},{""id"":14,""category"":""Events / Promotions""},{""id"":24,""category"":""Logistics / Supply Chain""},{""id"":29,""category"":""Professional Services""},{""id"":35,""category"":""Sales / Retail""}]",Permanent,12/5/23,FALSE,MCF-2023-0261998,12/4/23,4/4/23,2,5,114,0,2,,Junior Executive,WORKSTONE PTE. LTD.,7000,2500,Monthly,0,Closed,"Car Leasing, RM ‚Äì West|Entry Level | Up to Basic $2,500 + $1,000 Transport + Comm",4750
"[{""id"":11,""category"":""Engineering""},{""id"":21,""category"":""Information Technology""},{""id"":33,""category"":""Repair and Maintenance""},{""id"":39,""category"":""Telecommunications""},{""id"":43,""category"":""Precision Engineering""}]",Permanent,12/5/23,FALSE,MCF-2023-0261993,12/4/23,4/4/23,2,2,75,2,1,,Non-executive,WORKSTONE PTE. LTD.,4800,3000,Monthly,0,Closed,"Electrical Engineer - Tuas | Generator exp|$4,700",3900
"[{""id"":15,""category"":""F&B""}]",Part Time,22/4/23,FALSE,MCF-2023-0273999,8/4/23,8/4/23,0,4,148,1,2,,Non-executive,SAVORNANA PTE. LTD.,3200,2300,Monthly,0,Closed,Cook / Chef de Partie / Kitchen Assistant,2750
"[{""id"":1,""category"":""Accounting / Auditing / Taxation""},{""id"":2,""category"":""Admin / Secretarial""},{""id"":4,""category"":""Architecture / Interior Design""},{""id"":6,""category"":""Building and Construction""},{""id"":41,""category"":""Others""}]",Permanent,12/5/23,FALSE,MCF-2023-0273998,12/4/23,8/4/23,1,2,71,8,1,,Senior Executive,WORKSTONE PTE. LTD.,4500,3500,Monthly,0,Closed,Senior Accounts & Admin- Harbourfront | Construction Industry |$4500,4000
"[{""id"":21,""category"":""Information Technology""}]",Permanent,8/5/23,FALSE,MCF-2023-0273980,8/4/23,8/4/23,0,0,52,5,1,,Manager,TRUST RECRUIT PTE. LTD.,9000,5000,Monthly,0,Closed,"Tech Lead (Backend, Ruby on Rails, AWS, Socket IO, Up to $9K)",7000
"[{""id"":13,""category"":""Environment / Health""},{""id"":29,""category"":""Professional Services""},{""id"":36,""category"":""Sciences / Laboratory / R&D""}]",Full Time,8/5/23,FALSE,MCF-2023-0273987,8/4/23,8/4/23,0,3,134,2,1,,Senior Executive,SDT MOLECULAR PTE. LTD.,6000,3000,Monthly,0,Closed,"Sales Specialist/Manager, Molecular Diagnostics",4500
"[{""id"":39,""category"":""Telecommunications""}]",Full Time,8/5/23,FALSE,MCF-2023-0273986,8/4/23,8/4/23,0,3,142,15,3,,Professional,SINGAPORE TELECOMMUNICATIONS LIMITED,14000,7000,Monthly,0,Closed,Senior  Cloud Migration Engineer,10500
"[{""id"":39,""category"":""Telecommunications""}]",Full Time,8/5/23,FALSE,MCF-2023-0273985,8/4/23,8/4/23,0,4,101,15,3,,Professional,SINGAPORE TELECOMMUNICATIONS LIMITED,14000,7000,Monthly,0,Closed,Lead Cloud Migration Engineer,10500
"[{""id"":39,""category"":""Telecommunications""}]",Full Time,8/5/23,FALSE,MCF-2023-0273988,8/4/23,8/4/23,0,4,137,8,3,,Professional,SINGAPORE TELECOMMUNICATIONS LIMITED,14000,7000,Monthly,0,Closed,Cloud Migration Engineer,10500
"[{""id"":11,""category"":""Engineering""},{""id"":33,""category"":""Repair and Maintenance""},{""id"":43,""category"":""Precision Engineering""}]",Permanent,21/5/23,FALSE,MCF-2023-0261992,21/4/23,4/4/23,2,0,105,1,1,,Non-executive,WORKSTONE PTE. LTD.,3000,1800,Monthly,0,Closed,"CNC Machinist - Boon Lay / Basic up to $2,400",2400
"[{""id"":3,""category"":""Advertising / Media""},{""id"":7,""category"":""Consulting""},{""id"":9,""category"":""Design""},{""id"":26,""category"":""Marketing / Public Relations""}]",Permanent,8/5/23,FALSE,MCF-2023-0251095,8/4/23,30/3/23,2,3,77,1,1,,Executive,WORKSTONE PTE. LTD.,5000,2500,Monthly,0,Closed,"Brand & Communication Executive- Tuas| Up to $5,000",3750
"[{""id"":21,""category"":""Information Technology""}]",Permanent,8/5/23,FALSE,MCF-2023-0273990,8/4/23,8/4/23,0,35,241,8,1,,Senior Executive,TRUST RECRUIT PTE. LTD.,10000,6000,Monthly,0,Closed,"Senior Business Analyst (Digital Transformation, Business Process, Fit-Gap analysis) - DS",8000
"[{""id"":26,""category"":""Marketing / Public Relations""}]",Permanent,8/5/23,FALSE,MCF-2023-0273992,8/4/23,8/4/23,0,7,103,2,1,,Manager,TRUST RECRUIT PTE. LTD.,5000,4000,Monthly,0,Closed,"Brand & Marketing Manager (Concept Branding, F&B)",4500
"[{""id"":26,""category"":""Marketing / Public Relations""}]",Permanent,8/5/23,FALSE,MCF-2023-0273997,8/4/23,8/4/23,0,7,73,3,1,,Professional,TRITON AI PTE. LTD.,5000,4000,Monthly,0,Closed,"Assistant Manager (Marketing, Commercial)",4500
"[{""id"":2,""category"":""Admin / Secretarial""},{""id"":8,""category"":""Customer Service""}]",Permanent,8/5/23,FALSE,MCF-2023-0274196,8/4/23,8/4/23,0,0,54,1,1,,Non-executive,TALENT TRADER GROUP PTE. LTD.,4000,2000,Monthly,0,Closed,Worknow: Barista/ Service Crew,3000
"[{""id"":32,""category"":""Real Estate / Property Management""}]",Permanent,8/5/23,FALSE,MCF-2023-0273996,8/4/23,8/4/23,0,12,120,3,1,,Manager,TRUST RECRUIT PTE. LTD.,5500,4500,Monthly,0,Closed,"Urgent!!! Assistant Property Leasing Manager (Commercial, Retail, F&B, Facilities)",5000
"[{""id"":2,""category"":""Admin / Secretarial""},{""id"":8,""category"":""Customer Service""}]",Full Time,9/5/23,FALSE,MCF-2023-0273979,25/4/23,8/4/23,1,70,488,1,2,,Fresh/entry level,CHATSWORTH MEDI@RT ACADEMY PTE. LTD.,3000,2800,Monthly,0,Closed,Administration Officer,2900
"[{""id"":41,""category"":""Others""}]",Permanent,8/5/23,FALSE,MCF-2023-0274000,8/4/23,8/4/23,0,15,137,2,1,,Senior Executive,TRITON AI PTE. LTD.,8000,7000,Monthly,0,Closed,Business Analyst (Up $8000),7500
"[{""id"":8,""category"":""Customer Service""},{""id"":16,""category"":""General Management""},{""id"":17,""category"":""General Work""}]",Full Time,22/4/23,FALSE,MCF-2023-0273978,8/4/23,8/4/23,0,20,157,1,2,,Senior Executive,CHATSWORTH MEDI@RT ACADEMY PTE. LTD.,3000,2800,Monthly,0,Closed,Customer Experience Specialist,2900
"[{""id"":17,""category"":""General Work""}]",Full Time,8/5/23,TRUE,MCF-2023-0274189,8/4/23,8/4/23,0,3,97,10,4,,Professional,WONDERFUL MANPOWER PTE. LTD.,4700,2400,Monthly,0,Closed,Driver,3550
"[{""id"":21,""category"":""Information Technology""}]",Permanent,29/4/23,FALSE,MCF-2023-0274185,8/4/23,8/4/23,0,5,104,1,1,,Junior Executive,TRUST RECRUIT PTE. LTD.,5500,4500,Monthly,0,Closed,URGENT / Software Engineer ( C# / JAVA / Python / Cat 1 ),5000
"[{""id"":6,""category"":""Building and Construction""}]",Full Time,8/5/23,FALSE,MCF-2023-0274180,8/4/23,8/4/23,0,17,124,5,2,,Executive,SING WAH ENTERPRISE PTE. LTD.,9000,5000,Monthly,0,Closed,Project Manager(ACMV/Electrical),7000
"[{""id"":1,""category"":""Accounting / Auditing / Taxation""},{""id"":2,""category"":""Admin / Secretarial""},{""id"":8,""category"":""Customer Service""},{""id"":17,""category"":""General Work""},{""id"":24,""category"":""Logistics / Supply Chain""}]",Contract,12/5/23,FALSE,MCF-2023-0261994,12/4/23,4/4/23,2,3,63,1,1,,Junior Executive,WORKSTONE PTE. LTD.,2500,2000,Monthly,0,Closed,"Shipping Coordinator x 3 - Joo Koon| Logistics | Up $2,500",2250
"[{""id"":16,""category"":""General Management""}]",Permanent,8/5/23,FALSE,MCF-2023-0273995,8/4/23,8/4/23,0,6,118,6,1,,Manager,TRITON AI PTE. LTD.,9000,7500,Monthly,0,Closed,"Product Owner (Business Transformation/ Scrum, Agile)",8250
"[{""id"":21,""category"":""Information Technology""}]",Permanent,8/5/23,FALSE,MCF-2023-0273975,8/4/23,8/4/23,0,43,271,2,1,,Junior Executive,TRUST RECRUIT PTE. LTD.,6000,4500,Monthly,0,Closed,"Data Analyst (Game Industry, Python, R, Tableau, Power BI, $6K) - DS",5250
"[{""id"":11,""category"":""Engineering""},{""id"":25,""category"":""Manufacturing""},{""id"":33,""category"":""Repair and Maintenance""},{""id"":43,""category"":""Precision Engineering""}]",Permanent,12/5/23,FALSE,MCF-2023-0262671,12/4/23,4/4/23,2,8,150,2,2,,Non-executive,WORKSTONE PTE. LTD.,3500,2000,Monthly,0,Closed,"Maintenance Technician x 2 - Tuas |Entry | Up $3,000 Basic + Allowances",2750
"[{""id"":21,""category"":""Information Technology""}]",Permanent,29/4/23,FALSE,MCF-2023-0274181,8/4/23,8/4/23,0,4,69,2,1,,Junior Executive,TRUST RECRUIT PTE. LTD.,5000,4000,Monthly,0,Closed,URGENT !! / Software Engineer / System Analyst (Java / SQL),4500
"[{""id"":21,""category"":""Information Technology""}]",Permanent,8/5/23,FALSE,MCF-2023-0273982,8/4/23,8/4/23,0,0,73,3,1,,Senior Executive,TRUST RECRUIT PTE. LTD.,10000,8000,Monthly,0,Closed,"Senior Software Engineer (Wonderware MES, FMCG) - DS",9000
"[{""id"":2,""category"":""Admin / Secretarial""},{""id"":6,""category"":""Building and Construction""},{""id"":7,""category"":""Consulting""},{""id"":8,""category"":""Customer Service""},{""id"":11,""category"":""Engineering""}]",Contract,12/5/23,FALSE,MCF-2023-0261995,12/4/23,4/4/23,2,0,66,0,1,,Non-executive,WORKSTONE PTE. LTD.,3200,2500,Monthly,0,Closed,"Officer - R&D, Mechanical Design |  Entry Level Jurong East - Up to $3,200",2850
"[{""id"":21,""category"":""Information Technology""}]",Permanent,8/5/23,FALSE,MCF-2023-0273972,8/4/23,8/4/23,0,3,61,2,1,,Junior Executive,TRUST RECRUIT PTE. LTD.,5500,4500,Monthly,0,Closed,"Cyber Security Engineer (Post Sales, Imperva, Up to $5.5K + VB)",5000
"[{""id"":21,""category"":""Information Technology""}]",Permanent,29/4/23,FALSE,MCF-2023-0274165,8/4/23,8/4/23,0,6,77,3,1,,Executive,TRUST RECRUIT PTE. LTD.,6500,4500,Monthly,0,Closed,Urgent / Service Delivery Manager - Japan MNC (IT/ / ITIL / Infra ),5500
"[{""id"":1,""category"":""Accounting / Auditing / Taxation""},{""id"":5,""category"":""Banking and Finance""},{""id"":42,""category"":""Wholesale Trade""}]",Full Time,8/5/23,FALSE,MCF-2023-0274151,8/4/23,8/4/23,0,36,363,0,1,,Fresh/entry level,VALENCY INTERNATIONAL PTE. LTD.,4000,3000,Monthly,0,Closed,Management Trainee,3500
"[{""id"":4,""category"":""Architecture / Interior Design""},{""id"":6,""category"":""Building and Construction""},{""id"":24,""category"":""Logistics / Supply Chain""},{""id"":31,""category"":""Purchasing / Merchandising""}]",Permanent,12/5/23,FALSE,MCF-2023-0261997,12/4/23,4/4/23,2,7,110,5,1,,Non-executive,WORKSTONE PTE. LTD.,4300,3000,Monthly,0,Closed,Purchaser - Tuas | Shipbuilding industry | - Up to $4300,3650
"[{""id"":6,""category"":""Building and Construction""}]",Permanent,8/5/23,FALSE,MCF-2023-0274029,8/4/23,8/4/23,0,67,508,15,1,,Middle Management,BENCHMARK STAFFING SOLUTIONS,16000,8000,Monthly,0,Closed,Senior Manager / Project Manager / Project Director,12000
"[{""id"":24,""category"":""Logistics / Supply Chain""},{""id"":25,""category"":""Manufacturing""}]",Permanent,8/5/23,FALSE,MCF-2023-0274048,8/4/23,8/4/23,0,4,45,8,1,,Senior Executive,RECRUITPEDIA PTE. LTD.,7500,5000,Monthly,0,Closed,Senior Production Controller (Excel Macro / SAP) Global MNC,6250
"[{""id"":21,""category"":""Information Technology""},{""id"":34,""category"":""Risk Management""}]",Contract,22/4/23,FALSE,MCF-2023-0274178,8/4/23,8/4/23,0,7,49,8,5,,Professional,MATRIX PROCESS AUTOMATION PTE. LTD.,13000,8000,Monthly,0,Closed,Senior Consultant,10500
"[{""id"":5,""category"":""Banking and Finance""}]",Full Time,22/4/23,FALSE,MCF-2023-0274114,8/4/23,8/4/23,0,5,86,2,1,,Professional,GIC PRIVATE LIMITED,10000,5000,Monthly,0,Closed,"Associate/AVP, Fund Investment Services (JR15102)",7500
"[{""id"":21,""category"":""Information Technology""}]",Contract,22/4/23,FALSE,MCF-2023-0274156,8/4/23,8/4/23,0,2,55,6,4,,Professional,MATRIX PROCESS AUTOMATION PTE. LTD.,10200,6800,Monthly,0,Closed,Network Security Infra Specialist,8500
"[{""id"":41,""category"":""Others""}]",Permanent,8/5/23,FALSE,MCF-2023-0274121,8/4/23,8/4/23,0,12,121,5,1,,Senior Executive,BIG - FOOT LOGISTIC PTE LTD,5000,3800,Monthly,0,Closed,WSH Officer,4400
"[{""id"":6,""category"":""Building and Construction""}]",Full Time,8/5/23,FALSE,MCF-2023-0274172,8/4/23,8/4/23,0,6,104,3,2,,Junior Executive,SING WAH ENTERPRISE PTE. LTD.,5500,3000,Monthly,0,Closed,Project Engineer,4250
"[{""id"":2,""category"":""Admin / Secretarial""},{""id"":8,""category"":""Customer Service""},{""id"":35,""category"":""Sales / Retail""}]",Permanent,8/6/23,FALSE,MCF-2023-0182953,9/5/23,8/3/23,2,12,202,1,1,,Non-executive,QUANTUM LEAP CAREER CONSULTANCY PTE. LTD.,3500,2800,Monthly,0,Closed,Back of House (Luxury Retail - Support) - No sales required,3150
"[{""id"":2,""category"":""Admin / Secretarial""}]",Full Time,8/5/23,FALSE,MCF-2023-0274155,8/4/23,8/4/23,0,16,385,2,1,,Professional,TAYKO BUILDER PTE. LTD.,4500,3000,Monthly,0,Closed,Administrative Assistant,3750
"[{""id"":17,""category"":""General Work""}]",Full Time,8/5/23,TRUE,MCF-2023-0274207,8/4/23,8/4/23,0,0,39,10,4,,Professional,WONDERFUL MANPOWER PTE. LTD.,4700,2400,Monthly,0,Closed,Physician Assistant,3550
"[{""id"":8,""category"":""Customer Service""},{""id"":15,""category"":""F&B""},{""id"":35,""category"":""Sales / Retail""}]",Part Time,10/6/23,FALSE,MCF-2023-0274074,11/5/23,8/4/23,1,10,217,3,3,,Non-executive,SGFISHINGRIGZ PTE. LTD.,2300,1700,Monthly,0,Closed,Sales Assistant @ Blk 139 Tampines,2000
"[{""id"":11,""category"":""Engineering""},{""id"":25,""category"":""Manufacturing""},{""id"":27,""category"":""Medical / Therapy Services""}]",Permanent,15/4/23,FALSE,MCF-2023-0274084,8/4/23,8/4/23,0,1,31,8,1,,Manager,RECRUITPEDIA PTE. LTD.,6500,5000,Monthly,0,Closed,"QA Manager (MDR, ISO13485) MNC",5750
"[{""id"":1,""category"":""Accounting / Auditing / Taxation""},{""id"":16,""category"":""General Management""}]",Permanent,15/4/23,FALSE,MCF-2023-0274059,8/4/23,8/4/23,0,0,41,6,1,,Manager,RECRUITPEDIA PTE. LTD.,6000,4000,Monthly,0,Closed,Assistant / Audit Manager (External Audit),5000
"[{""id"":8,""category"":""Customer Service""}]",Permanent,8/5/23,FALSE,MCF-2023-0274064,8/4/23,8/4/23,0,8,62,2,1,,Non-executive,RECRUITPEDIA PTE. LTD.,3500,2500,Monthly,0,Closed,Customer Service Officer (Global MNC),3000
"[{""id"":21,""category"":""Information Technology""}]",Permanent,8/5/23,FALSE,MCF-2023-0273983,8/4/23,8/4/23,0,7,90,12,1,,Manager,TRUST RECRUIT PTE. LTD.,10000,8000,Monthly,0,Closed,"Project Manager - PMP (System Integration, MES, Process Automation) - DS",9000
"[{""id"":1,""category"":""Accounting / Auditing / Taxation""},{""id"":2,""category"":""Admin / Secretarial""}]",Permanent,8/5/23,FALSE,MCF-2023-0274195,8/4/23,8/4/23,0,2,46,2,2,,Executive,TALENT TRADER GROUP PTE. LTD.,5000,3000,Monthly,0,Closed,Business Controller / Project Control / Multiple Openings,4000
"[{""id"":11,""category"":""Engineering""},{""id"":25,""category"":""Manufacturing""},{""id"":33,""category"":""Repair and Maintenance""},{""id"":43,""category"":""Precision Engineering""}]",Permanent,8/5/23,FALSE,MCF-2023-0251074,8/4/23,30/3/23,2,1,52,5,1,,Non-executive,WORKSTONE PTE. LTD.,3600,2000,Monthly,0,Closed,"Asst Electrical Engineer -Tuas |Packing Solution | Up to $3,500",2800
"[{""id"":2,""category"":""Admin / Secretarial""},{""id"":24,""category"":""Logistics / Supply Chain""},{""id"":35,""category"":""Sales / Retail""}]",Permanent,8/5/23,FALSE,MCF-2023-0274192,8/4/23,8/4/23,0,4,59,2,1,,Executive,TALENT TRADER GROUP PTE. LTD.,4000,2200,Monthly,0,Closed,Sales Support Admin (Freight Forwarding),3100
"[{""id"":2,""category"":""Admin / Secretarial""},{""id"":8,""category"":""Customer Service""},{""id"":20,""category"":""Human Resources""},{""id"":23,""category"":""Legal""},{""id"":35,""category"":""Sales / Retail""}]",Permanent,8/5/23,FALSE,MCF-2023-0274028,8/4/23,8/4/23,0,6,70,0,100,,Fresh/entry level,RECRUITPEDIA PTE. LTD.,5000,2500,Monthly,0,Closed,Recruitment Advisor (No Experience Needed - Training will be provided),3750
"[{""id"":3,""category"":""Advertising / Media""},{""id"":26,""category"":""Marketing / Public Relations""},{""id"":35,""category"":""Sales / Retail""}]",Full Time,8/5/23,FALSE,MCF-2023-0274160,8/4/23,8/4/23,0,21,236,1,2,,Executive,HAPPY CAT AUCTIONS LLP,5000,2500,Monthly,0,Closed,TikTok Live Streamer (Part Time),3750
"[{""id"":20,""category"":""Human Resources""}]",Contract,8/5/23,FALSE,MCF-2023-0274153,8/4/23,8/4/23,0,27,362,1,1,,Senior Executive,HMLY PTE LTD,2500,1400,Monthly,0,Closed,Human Resource Assistant (Part Time),1950
"[{""id"":20,""category"":""Human Resources""}]",Permanent,8/5/23,FALSE,MCF-2023-0274261,8/4/23,8/4/23,0,3,93,2,1,,Executive,MAXX ENGINEERING PTE. LTD.,3000,2200,Monthly,0,Closed,HR Executive,2600
"[{""id"":6,""category"":""Building and Construction""}]",Full Time,8/5/23,FALSE,MCF-2023-0274182,8/4/23,8/4/23,0,7,88,3,1,,Executive,ZH ENGINEERING PTE. LTD.,7500,6000,Monthly,0,Closed,Project Engineer,6750
"[{""id"":4,""category"":""Architecture / Interior Design""},{""id"":8,""category"":""Customer Service""},{""id"":9,""category"":""Design""},{""id"":35,""category"":""Sales / Retail""}]",Full Time,8/5/23,FALSE,MCF-2023-0184351,8/4/23,8/3/23,1,24,529,0,3,,Fresh/entry level,ENDO HOMES PTE. LTD.,5000,2000,Monthly,0,Closed,Customer Service Officer,3500
"[{""id"":15,""category"":""F&B""}]",Full Time,8/5/23,FALSE,MCF-2023-0274150,8/4/23,8/4/23,0,2,48,5,1,,Junior Executive,BS SUPERMARKET & TRADING PTE. LTD.,3800,3000,Monthly,0,Closed,Chef,3400
"[{""id"":21,""category"":""Information Technology""}]",Permanent,8/5/23,FALSE,MCF-2023-0273981,8/4/23,8/4/23,0,0,73,2,2,,Senior Executive,TRUST RECRUIT PTE. LTD.,10000,8000,Monthly,0,Closed,Senior Software Engineer/Camstar Developer (Siemens Opcenter Ex MDD/Camstar MDD),9000
"[{""id"":8,""category"":""Customer Service""},{""id"":16,""category"":""General Management""},{""id"":17,""category"":""General Work""},{""id"":26,""category"":""Marketing / Public Relations""},{""id"":28,""category"":""Personal Care / Beauty""}]",Permanent,22/4/23,FALSE,MCF-2023-0274183,8/4/23,8/4/23,0,0,39,3,2,,Executive,NEW ART BEAUTY SALOON PTE. LTD.,8000,6000,Monthly,0,Closed,MASTER HAIR STYLIST / HAIR CONSULTANT,7000
"[{""id"":2,""category"":""Admin / Secretarial""}]",Full Time,23/6/23,FALSE,MCF-2023-0120245,24/5/23,14/2/23,2,31,469,1,1,,Fresh/entry level,KEAWORLD PTE. LTD.,2800,2200,Monthly,0,Closed,E-Commerce Executive (Product Development),2500
"[{""id"":6,""category"":""Building and Construction""},{""id"":11,""category"":""Engineering""}]",Contract,8/5/23,FALSE,MCF-2023-0274274,8/4/23,8/4/23,0,0,39,3,1,,Executive,STAFFLINK SERVICES PRIVATE LIMITED,5000,4000,Monthly,0,Closed,Quantity Surveyor (Building Project),4500
"[{""id"":10,""category"":""Education and Training""},{""id"":27,""category"":""Medical / Therapy Services""}]",Part Time,8/5/23,FALSE,MCF-2023-0029664,8/4/23,11/1/23,2,62,600,1,2,,Professional,OLIVE TREE INTERVENTION CENTRE PTE. LTD.,3300,2700,Monthly,0,Closed,Educational Therapist,3000
"[{""id"":6,""category"":""Building and Construction""}]",Full Time,8/5/23,FALSE,MCF-2023-0274163,8/4/23,8/4/23,0,8,197,3,1,,Professional,GREENSAFE INTERNATIONAL PTE. LTD.,4000,3500,Monthly,0,Closed,lifting supervisor # Tuas,3750
"[{""id"":1,""category"":""Accounting / Auditing / Taxation""},{""id"":2,""category"":""Admin / Secretarial""},{""id"":7,""category"":""Consulting""},{""id"":34,""category"":""Risk Management""},{""id"":35,""category"":""Sales / Retail""}]",Full Time,8/5/23,FALSE,MCF-2023-0274174,8/4/23,8/4/23,0,51,222,5,2,,Middle Management,SING WAH ENTERPRISE PTE. LTD.,14000,8000,Monthly,0,Closed,Business development manager,11000
"[{""id"":21,""category"":""Information Technology""}]",Permanent,29/4/23,FALSE,MCF-2023-0274166,8/4/23,8/4/23,0,9,185,1,1,,Non-executive,TRUST RECRUIT PTE. LTD.,2900,2000,Monthly,0,Closed,URGENT / Desktop Support Engineer (Level 1 Support / Permanent / Window),2450
"[{""id"":21,""category"":""Information Technology""}]",Contract,8/5/23,FALSE,MCF-2023-0274159,8/4/23,8/4/23,0,45,420,4,2,,Professional,MATRIX PROCESS AUTOMATION PTE. LTD.,4500,3000,Monthly,0,Closed,UAT Tester,3750
"[{""id"":21,""category"":""Information Technology""},{""id"":35,""category"":""Sales / Retail""}]",Permanent,29/4/23,FALSE,MCF-2023-0274161,8/4/23,8/4/23,0,6,56,2,1,,Executive,TRUST RECRUIT PTE. LTD.,6000,5000,Monthly,0,Closed,Urgent  // Sales Manager (IT background / hunting + farming),5500
"[{""id"":21,""category"":""Information Technology""},{""id"":35,""category"":""Sales / Retail""}]",Full Time,8/5/23,FALSE,MCF-2023-0274202,8/4/23,8/4/23,0,5,36,2,1,,Senior Executive,RECRUITPEDIA PTE. LTD.,6000,4000,Monthly,0,Closed,IT Sales Manager / Global MNC / East,5000
"[{""id"":41,""category"":""Others""}]",Permanent,8/5/23,FALSE,MCF-2023-0274219,8/4/23,8/4/23,0,2,53,2,1,,Manager,TALENT TRADER GROUP PTE. LTD.,4000,2000,Monthly,0,Closed,Assistant Manager / Restaurant (Urgent Role),3000
"[{""id"":26,""category"":""Marketing / Public Relations""}]",Permanent,8/5/23,FALSE,MCF-2023-0274193,8/4/23,8/4/23,0,66,396,2,2,,Executive,TALENT TRADER GROUP PTE. LTD.,5500,4000,Monthly,0,Closed,Copywriter (Urgent Role),4750
"[{""id"":6,""category"":""Building and Construction""}]",Full Time,8/5/23,FALSE,MCF-2023-0068697,8/4/23,28/1/23,2,9,224,5,1,,Senior Executive,WAH SYN ENGINEERING PTE. LTD.,5000,3200,Monthly,0,Closed,Project Engineer /Manager (Electrical),4100
"[{""id"":21,""category"":""Information Technology""}]",Full Time,8/5/23,FALSE,MCF-2023-0274258,8/4/23,8/4/23,0,4,121,4,15,,Middle Management,DOITWELL PTE. LTD.,13000,8000,Monthly,0,Closed,Senior Backend Software Engineer,10500
"[{""id"":17,""category"":""General Work""}]",Contract,22/4/23,TRUE,MCF-2023-0274223,8/4/23,8/4/23,0,1,22,5,1,,Professional,DING FENG INFORMATION SERVICES PTE. LTD.,4600,3000,Monthly,0,Closed,SUPERVISOR,3800
"[{""id"":21,""category"":""Information Technology""}]",Permanent,29/4/23,FALSE,MCF-2023-0274158,8/4/23,8/4/23,0,7,83,2,1,,Non-executive,TRUST RECRUIT PTE. LTD.,6000,4000,Monthly,0,Closed,URGENT / Network Engineer (CISCO / Firewall / Switcher / Routers),5000
"[{""id"":11,""category"":""Engineering""}]",Permanent,26/7/23,FALSE,MCF-2023-0274184,26/6/23,8/4/23,2,1,92,2,2,,Junior Executive,TIANCHENG ELECTRICAL MARINE EQUIPMENT PTE. LTD.,2800,2500,Monthly,0,Re-open,QA Engineer,2650
"[{""id"":15,""category"":""F&B""}]",Full Time,8/5/23,TRUE,MCF-2023-0274239,8/4/23,8/4/23,0,1,24,5,3,,Executive,ORIENTAL EMPLOYMENT PTE. LTD.,4600,3000,Monthly,0,Closed,Chef,3800
"[{""id"":1,""category"":""Accounting / Auditing / Taxation""}]",Permanent,8/5/23,FALSE,MCF-2023-0274146,8/4/23,8/4/23,0,5,94,1,3,,Executive,IN.CORP CORPORATE SERVICES PTE. LTD.,4200,2800,Monthly,0,Closed,Associate/Senior Associate - Accounting & Finance,3500
"[{""id"":6,""category"":""Building and Construction""}]",Full Time,8/5/23,FALSE,MCF-2023-0274312,8/4/23,8/4/23,0,20,132,5,1,,Executive,YU ZE CONSTRUCTION PTE. LTD.,6500,3500,Monthly,0,Closed,Construction Supervisor,5000
"[{""id"":14,""category"":""Events / Promotions""},{""id"":25,""category"":""Manufacturing""}]",Contract,8/5/23,FALSE,MCF-2023-0274154,8/4/23,8/4/23,0,57,1617,0,20,,Fresh/entry level,HMLY PTE LTD,2400,1400,Monthly,0,Closed,Packer,1900
"[{""id"":21,""category"":""Information Technology""}]",Full Time,8/5/23,FALSE,MCF-2023-0274252,8/4/23,8/4/23,0,197,1014,3,20,,Manager,DOITWELL PTE. LTD.,12000,9000,Monthly,0,Closed,Data Analyst,10500
"[{""id"":2,""category"":""Admin / Secretarial""},{""id"":24,""category"":""Logistics / Supply Chain""},{""id"":35,""category"":""Sales / Retail""}]",Permanent,8/5/23,FALSE,MCF-2023-0274191,8/4/23,8/4/23,0,6,70,2,1,,Executive,TALENT TRADER GROUP PTE. LTD.,8200,5500,Monthly,0,Closed,Tender Assistant Manager / Freight Forwarding,6850
"[{""id"":25,""category"":""Manufacturing""}]",Full Time,29/4/23,FALSE,MCF-2023-0274298,8/4/23,8/4/23,0,1,57,2,3,,Middle Management,CN CANVAS & HARDWARE PTE. LTD.,4200,3200,Monthly,0,Closed,Senior Production Coordinator,3700
"[{""id"":1,""category"":""Accounting / Auditing / Taxation""}]",Permanent,8/5/23,FALSE,MCF-2023-0274240,8/4/23,8/4/23,0,2,43,4,1,,Senior Executive,RECRUITPEDIA PTE. LTD.,5000,4000,Monthly,0,Closed,Accountant - Open for Auditor / (Central),4500
"[{""id"":2,""category"":""Admin / Secretarial""},{""id"":17,""category"":""General Work""}]",Full Time,8/5/23,TRUE,MCF-2023-0274187,8/4/23,8/4/23,0,5,139,10,4,,Professional,WONDERFUL MANPOWER PTE. LTD.,4700,2400,Monthly,0,Closed,Clerk,3550
"[{""id"":11,""category"":""Engineering""},{""id"":25,""category"":""Manufacturing""},{""id"":35,""category"":""Sales / Retail""}]",Full Time,8/5/23,FALSE,MCF-2023-0274217,8/4/23,8/4/23,0,0,35,2,1,,Manager,RECRUITPEDIA PTE. LTD.,6500,4500,Monthly,0,Closed,"Sales Manager (Pumps, Seals) / Oil & Gas MNC / West",5500
"[{""id"":24,""category"":""Logistics / Supply Chain""},{""id"":25,""category"":""Manufacturing""}]",Full Time,8/5/23,FALSE,MCF-2023-0274209,8/4/23,8/4/23,0,3,55,1,1,,Junior Executive,RECRUITPEDIA PTE. LTD.,2900,2300,Monthly,0,Closed,"Supply Chain Assistant / Global MNC / Central (No Experience Required, Training Provided)",2600
"[{""id"":6,""category"":""Building and Construction""},{""id"":7,""category"":""Consulting""},{""id"":11,""category"":""Engineering""},{""id"":35,""category"":""Sales / Retail""},{""id"":42,""category"":""Wholesale Trade""}]",Permanent,8/5/23,FALSE,MCF-2023-0251067,8/4/23,30/3/23,2,3,78,2,1,,Junior Executive,WORKSTONE PTE. LTD.,3800,2500,Monthly,0,Closed,"Sales Engineer - Tuas | Semicon | On Job Training provided| $3,600 + $150 Allowance",3150
"[{""id"":18,""category"":""Healthcare / Pharmaceutical""},{""id"":35,""category"":""Sales / Retail""}]",Permanent,8/5/23,FALSE,MCF-2023-0274188,8/4/23,8/4/23,0,8,69,2,4,,Executive,TALENT TRADER GROUP PTE. LTD.,6200,3000,Monthly,0,Closed,Account Manager (Biolaboratory / Healthcare),4600
"[{""id"":8,""category"":""Customer Service""}]",Full Time,22/4/23,FALSE,MCF-2023-0274332,8/4/23,8/4/23,0,7,106,5,1,,Manager,DS TRADERS PTE. LTD.,8000,7000,Monthly,0,Closed,SHOP MANAGER,7500
"[{""id"":1,""category"":""Accounting / Auditing / Taxation""}]",Full Time,8/5/23,FALSE,MCF-2023-0274149,8/4/23,8/4/23,0,13,255,3,1,,Executive,JASPORE MARINE PTE. LTD.,4000,2800,Monthly,0,Closed,Account,3400
"[{""id"":1,""category"":""Accounting / Auditing / Taxation""},{""id"":2,""category"":""Admin / Secretarial""},{""id"":11,""category"":""Engineering""},{""id"":21,""category"":""Information Technology""},{""id"":25,""category"":""Manufacturing""}]",Permanent,22/4/23,FALSE,MCF-2023-0057597,8/4/23,20/1/23,2,8,112,1,2,,Junior Executive,RECRUITFLASH PTE. LTD.,3800,2800,Monthly,0,Closed,Assistant Printing Engineer / Operator (producing labels),3300
"[{""id"":8,""category"":""Customer Service""},{""id"":29,""category"":""Professional Services""}]",Full Time,22/4/23,FALSE,MCF-2023-0274335,8/4/23,8/4/23,0,38,363,3,1,,Executive,HARBOURVEST PARTNERS (SINGAPORE) PTE. LTD.,9200,8500,Monthly,0,Closed,Client Service Associate,8850
"[{""id"":21,""category"":""Information Technology""}]",Contract,22/4/23,FALSE,MCF-2023-0274125,8/4/23,8/4/23,0,1,42,3,5,,Executive,JOBLINE RESOURCES PTE. LTD.,7000,4000,Monthly,0,Closed,Security Operations Engineer (Ref 25248),5500
"[{""id"":2,""category"":""Admin / Secretarial""},{""id"":8,""category"":""Customer Service""},{""id"":24,""category"":""Logistics / Supply Chain""}]",Permanent,8/5/23,FALSE,MCF-2023-0274139,8/4/23,8/4/23,0,3,35,0,1,,Fresh/entry level,CT SOLUTIONS (PTE. LTD.),2800,2300,Monthly,0,Closed,"Customer Service Officer ‚Äì Freight Forwarding (5 Days / Up to $2,800 + AWS / Changi / No Experience Required)",2550
"[{""id"":11,""category"":""Engineering""},{""id"":25,""category"":""Manufacturing""}]",Permanent,29/4/23,FALSE,MCF-2023-0242090,22/4/23,28/3/23,2,6,146,0,1,,Fresh/entry level,ATOMRECRUIT PTE. LTD.,2700,2400,Monthly,0,Closed,"Assistant Engineer (Start pay-$2500+$200, No experience/fresh welcome)",2550
"[{""id"":8,""category"":""Customer Service""},{""id"":35,""category"":""Sales / Retail""},{""id"":41,""category"":""Others""}]",Permanent,8/5/23,FALSE,MCF-2023-0274138,8/4/23,8/4/23,0,3,56,1,1,,Junior Executive,CT SOLUTIONS (PTE. LTD.),3500,3000,Monthly,0,Closed,"Retail Sales Associate (MNC / 5 Days / Up to $3,500 + Annual Variable Incentive + Monthly Incentive / Marina Bay Sands / Employee Discount + Gym Sponsorship)",3250
"[{""id"":11,""category"":""Engineering""}]",Full Time,8/5/23,FALSE,MCF-2023-0071885,8/4/23,30/1/23,2,2,217,1,2,,Executive,SC ENGINEERING PRIVATE LIMITED,3800,2500,Monthly,0,Closed,Project Engineer,3150
"[{""id"":33,""category"":""Repair and Maintenance""}]",Full Time,8/6/23,FALSE,MCF-2023-0183287,9/5/23,8/3/23,2,7,323,1,1,,Executive,SC ENGINEERING PRIVATE LIMITED,3000,2000,Monthly,0,Closed,Air-Con Technician,2500
"[{""id"":18,""category"":""Healthcare / Pharmaceutical""}]",Permanent,8/5/23,FALSE,MCF-2023-0274321,8/4/23,8/4/23,0,4,59,3,1,,Professional,THE TALENT NETWORK PRIVATE LIMITED,5000,4800,Monthly,0,Closed,"Psychologist ( Welfare Organisation) - Up to $ 5,000.00 + AWS + VB / Island-wide area - 2 openings",4900
"[{""id"":8,""category"":""Customer Service""},{""id"":14,""category"":""Events / Promotions""},{""id"":21,""category"":""Information Technology""},{""id"":26,""category"":""Marketing / Public Relations""}]",Full Time,8/5/23,FALSE,MCF-2023-0274124,8/4/23,8/4/23,0,6,164,3,1,,Executive,LONDON SCHOOL OF BUSINESS & FINANCE PTE. LTD.,3300,2800,Monthly,0,Closed,Marketing Executive,3050
"[{""id"":18,""category"":""Healthcare / Pharmaceutical""}]",Permanent,8/5/23,FALSE,MCF-2023-0274324,8/4/23,8/4/23,0,0,38,3,1,,Professional,THE TALENT NETWORK PRIVATE LIMITED,5000,4800,Monthly,0,Closed,"Speech Therapist ( Welfare Organisation) - Up to $ 5,000.00 + AWS + VB / Island-wide area - 2 openings",4900
"[{""id"":8,""category"":""Customer Service""},{""id"":18,""category"":""Healthcare / Pharmaceutical""}]",Permanent,8/5/23,TRUE,MCF-2023-0274304,8/4/23,8/4/23,0,18,451,1,1,,Executive,SEARCH PERSONNEL PRIVATE LIMITED,3700,1800,Monthly,0,Closed,Patient Care or Service Associate (Inpatient) | 5 DAYS | ALL WELCOME,2750
"[{""id"":23,""category"":""Legal""},{""id"":29,""category"":""Professional Services""}]",Permanent,8/5/23,FALSE,MCF-2023-0274147,8/4/23,8/4/23,0,4,56,2,2,,Senior Executive,IN.CORP CORPORATE SERVICES PTE. LTD.,4500,3500,Monthly,0,Closed,Senior Associate - Corporate Secretarial ,4000
"[{""id"":3,""category"":""Advertising / Media""},{""id"":4,""category"":""Architecture / Interior Design""},{""id"":9,""category"":""Design""},{""id"":26,""category"":""Marketing / Public Relations""}]",Full Time,8/5/23,FALSE,MCF-2023-0274115,8/4/23,8/4/23,0,8,178,1,1,,Fresh/entry level,LONDON SCHOOL OF BUSINESS & FINANCE PTE. LTD.,2500,2000,Monthly,0,Closed,Junior Web cum Graphic Designer,2250
"[{""id"":24,""category"":""Logistics / Supply Chain""},{""id"":25,""category"":""Manufacturing""},{""id"":41,""category"":""Others""}]",Permanent,8/5/23,FALSE,MCF-2023-0274140,8/4/23,8/4/23,0,9,96,0,1,,Fresh/entry level,CT SOLUTIONS (PTE. LTD.),3000,2500,Monthly,0,Closed,"Assistant Shipping Executive (MNC / 5 Days / Up to $3,000 + AWS + Performance Bonus / Tuas / Island Wide Company Transport Provided / No Experience Required)",2750
"[{""id"":1,""category"":""Accounting / Auditing / Taxation""},{""id"":5,""category"":""Banking and Finance""}]",Permanent,8/5/23,FALSE,MCF-2023-0274293,8/4/23,8/4/23,0,4,74,3,1,,Senior Executive,STAFFLINK SERVICES PRIVATE LIMITED,6000,4000,Monthly,0,Closed,Finance Executive | (Jap MNC),5000
"[{""id"":11,""category"":""Engineering""},{""id"":21,""category"":""Information Technology""},{""id"":25,""category"":""Manufacturing""},{""id"":31,""category"":""Purchasing / Merchandising""},{""id"":41,""category"":""Others""}]",Permanent,22/4/23,FALSE,MCF-2023-0165006,8/4/23,1/3/23,2,1,63,1,2,,Senior Executive,RECRUITFLASH PTE. LTD.,5000,3000,Monthly,0,Closed,"MNC Software Engineer / EVS, PQMS, EMS Project‚Äì ( Junior / Entry level / Senior ) X3 Opening)",4000
"[{""id"":5,""category"":""Banking and Finance""},{""id"":7,""category"":""Consulting""},{""id"":22,""category"":""Insurance""},{""id"":35,""category"":""Sales / Retail""},{""id"":41,""category"":""Others""}]",Freelance,8/5/23,FALSE,MCF-2023-0274137,8/4/23,8/4/23,0,0,37,0,5,,Executive,CT SOLUTIONS (PTE. LTD.),5000,2000,Monthly,0,Closed,"Business Partner / Client Advisor, Financial Advisory (Up to $5,000 Monthly Incentive + Monthly Commission + Performance Bonus / Alexandra Road / Career Progression Opportunity / Overseas Travel)",3500
"[{""id"":10,""category"":""Education and Training""}]",Part Time,8/5/23,FALSE,MCF-2023-0054750,8/4/23,20/1/23,2,1,98,3,1,,Professional,MUSIC LIFESTYLE ACADEMY LLP,3000,3000,Monthly,0,Closed,Violin Teacher Singapore,3000
"[{""id"":21,""category"":""Information Technology""}]",Permanent,22/4/23,FALSE,MCF-2023-0274136,8/4/23,8/4/23,0,2,42,5,5,,Manager,JOBLINE RESOURCES PTE. LTD.,8500,5000,Monthly,0,Closed,Project Manager (CCTV/Video Analytics) (Ref 25026),6750
"[{""id"":10,""category"":""Education and Training""}]",Part Time,8/5/23,FALSE,MCF-2023-0133021,8/4/23,18/2/23,1,0,32,3,1,,Professional,MUSIC LIFESTYLE ACADEMY LLP,3000,3000,Monthly,0,Closed,Cello Teacher Singapore,3000
"[{""id"":11,""category"":""Engineering""}]",Permanent,8/5/23,FALSE,MCF-2023-0274284,8/4/23,8/4/23,0,4,53,1,1,,Junior Executive,STAFFLINK SERVICES PRIVATE LIMITED,4000,3000,Monthly,0,Closed,Field Service Engineer (PCB / Probe Cards),3500
"[{""id"":41,""category"":""Others""}]",Full Time,22/4/23,TRUE,MCF-2023-0274333,8/4/23,8/4/23,0,7,113,5,2,,Fresh/entry level,KAL CONSULTANCY PTE. LTD.,3800,2800,Monthly,0,Closed,Baker,3300
"[{""id"":8,""category"":""Customer Service""}]",Permanent,8/5/23,FALSE,MCF-2023-0274100,8/4/23,8/4/23,0,12,77,2,1,,Senior Executive,RECRUITPEDIA PTE. LTD.,4000,3000,Monthly,0,Closed,Marine Operations Admin (Port) / South,3500
"[{""id"":23,""category"":""Legal""}]",Full Time,15/4/23,FALSE,MCF-2023-0274122,8/4/23,8/4/23,0,3,72,1,1,,Professional,MALKIN & MAXWELL LLP,6000,5000,Monthly,0,Closed,Law Associate,5500
"[{""id"":11,""category"":""Engineering""},{""id"":21,""category"":""Information Technology""},{""id"":25,""category"":""Manufacturing""},{""id"":31,""category"":""Purchasing / Merchandising""},{""id"":41,""category"":""Others""}]",Permanent,29/4/23,FALSE,MCF-2023-0165003,8/4/23,1/3/23,2,1,57,1,2,,Senior Executive,RECRUITFLASH PTE. LTD.,5000,3000,Monthly,0,Closed,MNC Electrical Engineers / Project Engineer‚Äì Maintenance 66/22/6.6kV RTUs ( ( Junior / Entry level / Senior ) X3 Opening),4000
"[{""id"":21,""category"":""Information Technology""}]",Contract,22/4/23,FALSE,MCF-2023-0274120,8/4/23,8/4/23,0,2,39,5,5,,Executive,JOBLINE RESOURCES PTE. LTD.,8000,5000,Monthly,0,Closed,Database Administrator (Ref 24652),6500
"[{""id"":8,""category"":""Customer Service""}]",Permanent,8/5/23,FALSE,MCF-2023-0274101,8/4/23,8/4/23,0,12,84,2,2,,Senior Executive,RECRUITPEDIA PTE. LTD.,3500,2500,Monthly,0,Closed,Admin Officer (Marine Port) / South,3000
"[{""id"":16,""category"":""General Management""},{""id"":22,""category"":""Insurance""}]",Permanent,15/4/23,FALSE,MCF-2023-0274056,8/4/23,8/4/23,0,1,25,4,1,,Executive,RECRUITPEDIA PTE. LTD.,4500,3000,Monthly,0,Closed,Operations Executive (Project Management) / Insurance MNC,3750
"[{""id"":5,""category"":""Banking and Finance""}]",Full Time,22/4/23,FALSE,MCF-2023-0274117,8/4/23,8/4/23,0,19,198,3,1,,Professional,GIC PRIVATE LIMITED,13000,6500,Monthly,0,Closed,"Associate/AVP, Asset Valuation and Analytics (JR15095)",9750
"[{""id"":15,""category"":""F&B""}]",Full Time,22/4/23,FALSE,MCF-2023-0274123,8/4/23,8/4/23,0,2,21,2,1,,Junior Executive,HHJ KITCHEN PTE. LTD.,4500,3300,Monthly,0,Closed,COOK,3900
"[{""id"":2,""category"":""Admin / Secretarial""}]",Permanent,8/5/23,FALSE,MCF-2023-0274054,8/4/23,8/4/23,0,3,60,1,1,,Fresh/entry level,RECRUITPEDIA PTE. LTD.,2600,2200,Monthly,0,Closed,Front Desk Officer (6 days work week),2400
"[{""id"":1,""category"":""Accounting / Auditing / Taxation""},{""id"":5,""category"":""Banking and Finance""},{""id"":16,""category"":""General Management""},{""id"":29,""category"":""Professional Services""},{""id"":41,""category"":""Others""}]",Full Time,22/4/23,FALSE,MCF-2023-0274145,8/4/23,8/4/23,0,60,371,1,1,,Senior Executive,CRESCO INVESTMENTS PTE. LTD.,5500,3500,Monthly,0,Closed,Office Manager,4500
"[{""id"":17,""category"":""General Work""},{""id"":24,""category"":""Logistics / Supply Chain""},{""id"":41,""category"":""Others""}]",Permanent,8/5/23,FALSE,MCF-2023-0274143,8/4/23,8/4/23,0,1,28,1,1,,Non-executive,CT SOLUTIONS (PTE. LTD.),2500,2300,Monthly,0,Closed,"Class 4 Lorry Driver (5.5 Days / Up to $2,500 + AWS / Changi)",2400
"[{""id"":11,""category"":""Engineering""},{""id"":25,""category"":""Manufacturing""},{""id"":36,""category"":""Sciences / Laboratory / R&D""}]",Permanent,8/5/23,FALSE,MCF-2023-0274058,8/4/23,8/4/23,0,7,55,6,5,,Professional,RECRUITPEDIA PTE. LTD.,10000,7000,Monthly,0,Closed,Senior R&D Mechanical Engineer (Tool Design) Global MNC,8500
"[{""id"":24,""category"":""Logistics / Supply Chain""},{""id"":25,""category"":""Manufacturing""}]",Permanent,8/5/23,FALSE,MCF-2023-0274035,8/4/23,8/4/23,0,10,66,2,1,,Junior Executive,RECRUITPEDIA PTE. LTD.,5000,3000,Monthly,0,Closed,Procurement Specialist (Global Manufacturing MNC),4000
"[{""id"":11,""category"":""Engineering""}]",Permanent,8/5/23,FALSE,MCF-2023-0274073,8/4/23,8/4/23,0,1,29,1,1,,Fresh/entry level,RECRUITPEDIA PTE. LTD.,8000,6000,Monthly,0,Closed,Senior Digital Designer (E&E MNC) - Overseas Opportunity,7000
"[{""id"":20,""category"":""Human Resources""}]",Permanent,15/4/23,FALSE,MCF-2023-0274111,8/4/23,8/4/23,0,7,48,3,1,,Senior Executive,RECRUITPEDIA PTE. LTD.,4500,3000,Monthly,0,Closed,HR Payroll Executive (Timesoft) / Global MNC / Central,3750
"[{""id"":26,""category"":""Marketing / Public Relations""},{""id"":28,""category"":""Personal Care / Beauty""},{""id"":35,""category"":""Sales / Retail""}]",Full Time,8/5/23,FALSE,MCF-2023-0274042,8/4/23,8/4/23,0,0,50,1,5,,Non-executive,DI YI TCM PTE. LTD.,5000,3000,Monthly,0,Closed,Sales Representative,4000
"[{""id"":8,""category"":""Customer Service""},{""id"":35,""category"":""Sales / Retail""}]",Permanent,15/4/23,FALSE,MCF-2023-0274044,8/4/23,8/4/23,0,0,20,1,1,,Non-executive,RECRUITPEDIA PTE. LTD.,2800,2300,Monthly,0,Closed,Customer Service Officer (Retail Hour),2550
"[{""id"":8,""category"":""Customer Service""},{""id"":35,""category"":""Sales / Retail""}]",Permanent,22/4/23,FALSE,MCF-2023-0274043,8/4/23,8/4/23,0,2,27,2,2,,Non-executive,RECRUITPEDIA PTE. LTD.,2800,2000,Monthly,0,Closed,Shopping Mall Concierge (Islandwide),2400
"[{""id"":3,""category"":""Advertising / Media""},{""id"":4,""category"":""Architecture / Interior Design""},{""id"":9,""category"":""Design""}]",Full Time,8/5/23,FALSE,MCF-2023-0274152,8/4/23,8/4/23,0,3,76,1,1,,Junior Executive,HMLY PTE LTD,3000,1800,Monthly,0,Closed,Desktop Artist,2400
"[{""id"":18,""category"":""Healthcare / Pharmaceutical""},{""id"":26,""category"":""Marketing / Public Relations""}]",Permanent,15/4/23,FALSE,MCF-2023-0274068,8/4/23,8/4/23,0,0,27,1,1,,Junior Executive,RECRUITPEDIA PTE. LTD.,2400,2000,Monthly,0,Closed,Biotechnologist (SGX Listed Medical Company),2200
"[{""id"":35,""category"":""Sales / Retail""}]",Permanent,15/4/23,FALSE,MCF-2023-0274103,8/4/23,8/4/23,0,2,38,5,3,,Manager,RECRUITPEDIA PTE. LTD.,7000,5000,Monthly,0,Closed,Senior Store Manager / Retail MNC / Central,6000
"[{""id"":21,""category"":""Information Technology""}]",Permanent,22/4/23,FALSE,MCF-2023-0273971,8/4/23,8/4/23,0,35,368,7,1,,Professional,MICROSOFT OPERATIONS PTE LTD,20000,10000,Monthly,0,Closed,Principal PM Manager,15000
"[{""id"":1,""category"":""Accounting / Auditing / Taxation""},{""id"":2,""category"":""Admin / Secretarial""}]",Full Time,8/5/23,FALSE,MCF-2023-0274171,8/4/23,8/4/23,0,18,430,0,3,,Executive,SING WAH ENTERPRISE PTE. LTD.,4000,2500,Monthly,0,Closed,Account Assistant,3250
"[{""id"":2,""category"":""Admin / Secretarial""}]",Contract,8/5/23,FALSE,MCF-2023-0274036,8/4/23,8/4/23,0,3,41,2,1,,Executive,RECRUITPEDIA PTE. LTD.,3000,2500,Monthly,0,Closed,Policy Processing Executive,2750
"[{""id"":35,""category"":""Sales / Retail""}]",Full Time,8/5/23,FALSE,MCF-2022-0869632,8/4/23,8/11/22,2,3,125,1,1,,Non-executive,STARPET MARKETING PTE. LTD.,2200,2000,Monthly,0,Closed,Storeman cum E-commerce Administrator,2100
"[{""id"":2,""category"":""Admin / Secretarial""},{""id"":8,""category"":""Customer Service""},{""id"":18,""category"":""Healthcare / Pharmaceutical""}]",Permanent,9/7/23,FALSE,MCF-2023-0274162,9/6/23,8/4/23,1,7,143,2,1,,Manager,KEYSTONE CLINIC & SURGERY PTE. LTD.,3200,2500,Monthly,0,Re-open,Clinic Manager,2850
"[{""id"":6,""category"":""Building and Construction""}]",Full Time,8/5/23,FALSE,MCF-2023-0274179,8/4/23,8/4/23,0,10,136,3,1,,Executive,ZH BUILDERS PTE. LTD.,7500,6000,Monthly,0,Closed,Project Engineer,6750
"[{""id"":26,""category"":""Marketing / Public Relations""},{""id"":35,""category"":""Sales / Retail""}]",Permanent,15/4/23,FALSE,MCF-2023-0274088,8/4/23,8/4/23,0,0,40,3,1,,Executive,RECRUITPEDIA PTE. LTD.,4500,3000,Monthly,0,Closed,Sales Executive / FMCG MNC,3750
"[{""id"":38,""category"":""Social Services""}]",Permanent,8/5/23,FALSE,MCF-2023-0274186,8/4/23,8/4/23,0,5,144,6,1,,Professional,AMKFSC COMMUNITY SERVICES LTD.,6000,5000,Monthly,0,Closed,Senior Social Worker (FSC),5500
"[{""id"":2,""category"":""Admin / Secretarial""},{""id"":10,""category"":""Education and Training""},{""id"":16,""category"":""General Management""},{""id"":21,""category"":""Information Technology""},{""id"":37,""category"":""Security and Investigation""}]",Full Time,8/5/23,FALSE,MCF-2023-0274085,8/4/23,8/4/23,0,7,132,5,1,,Manager,LONDON SCHOOL OF BUSINESS & FINANCE PTE. LTD.,4600,3800,Monthly,0,Closed,Assistant/QA Manager,4200
"[{""id"":35,""category"":""Sales / Retail""}]",Full Time,29/4/23,FALSE,MCF-2023-0274157,8/4/23,8/4/23,0,0,92,0,1,,Junior Executive,SRI MURUGAN MANUFACTURING PTE. LTD.,4500,3500,Monthly,0,Closed,AREA SALESMAN,4000
"[{""id"":18,""category"":""Healthcare / Pharmaceutical""},{""id"":25,""category"":""Manufacturing""},{""id"":35,""category"":""Sales / Retail""}]",Permanent,8/5/23,FALSE,MCF-2023-0274049,8/4/23,8/4/23,0,3,43,2,1,,Senior Executive,RECRUITPEDIA PTE. LTD.,6000,4000,Monthly,0,Closed,Senior Product Specialist (Laboratory Instruments),5000
"[{""id"":18,""category"":""Healthcare / Pharmaceutical""},{""id"":26,""category"":""Marketing / Public Relations""}]",Permanent,15/4/23,FALSE,MCF-2023-0274067,8/4/23,8/4/23,0,1,40,1,1,,Junior Executive,RECRUITPEDIA PTE. LTD.,2400,2000,Monthly,0,Closed,Laboratory Technologist (SGX Listed Medical Company),2200
"[{""id"":11,""category"":""Engineering""},{""id"":35,""category"":""Sales / Retail""}]",Full Time,24/6/23,FALSE,MCF-2023-0153269,25/5/23,25/2/23,2,15,301,1,1,,Professional,NANYANG EQUIPMENT PTE LTD,5000,3000,Monthly,0,Closed,Senior Sales Engineer / Sales Engineer,4000
"[{""id"":16,""category"":""General Management""},{""id"":18,""category"":""Healthcare / Pharmaceutical""}]",Permanent,8/5/23,FALSE,MCF-2023-0274176,8/4/23,8/4/23,0,47,251,5,1,,Manager,THE LENTOR RESIDENCE PTE LTD,6000,4500,Monthly,0,Closed,Operations Manager (Nursing Home) Lentor Avenue,5250
"[{""id"":24,""category"":""Logistics / Supply Chain""},{""id"":35,""category"":""Sales / Retail""}]",Permanent,8/5/23,FALSE,MCF-2023-0274190,8/4/23,8/4/23,0,2,44,5,2,,Manager,TALENT TRADER GROUP PTE. LTD.,8000,3000,Monthly,0,Closed,Sales / Account Manager (Freight Forwarding),5500
"[{""id"":24,""category"":""Logistics / Supply Chain""}]",Permanent,8/5/23,FALSE,MCF-2023-0274220,8/4/23,8/4/23,0,10,109,3,3,,Executive,TALENT TRADER GROUP PTE. LTD.,3000,2600,Monthly,0,Closed,Warehouse / Inventory Operation Coordinator,2800
"[{""id"":21,""category"":""Information Technology""}]",Permanent,29/4/23,FALSE,MCF-2023-0274164,8/4/23,8/4/23,0,1,45,2,1,,Junior Executive,TRUST RECRUIT PTE. LTD.,6000,4500,Monthly,0,Closed,URGENT / System Engineer (Active Directory / VMware / Azure / Hyper-V),5250
"[{""id"":21,""category"":""Information Technology""}]",Permanent,29/4/23,FALSE,MCF-2023-0274169,8/4/23,8/4/23,0,43,203,1,1,,Non-executive,TRUST RECRUIT PTE. LTD.,4000,3000,Monthly,0,Closed,Cyber Security Engineer - Training Provided / IT Background welcome (Cisco / Cyberark / Permanent),3500
"[{""id"":11,""category"":""Engineering""},{""id"":21,""category"":""Information Technology""}]",Full Time,22/4/23,TRUE,MCF-2023-0273973,8/4/23,8/4/23,0,6,101,1,3,,Junior Executive,BYTECENTURE CONSULTING PTE. LTD.,6000,4000,Monthly,0,Closed,Cloud Application Support Engineer,5000
"[{""id"":15,""category"":""F&B""}]",Permanent,8/5/23,FALSE,MCF-2023-0274170,8/4/23,8/4/23,0,33,221,6,2,,Manager,ESSEPLORE PTE. LTD.,6500,3500,Monthly,0,Closed,Sous Chef,5000
"[{""id"":20,""category"":""Human Resources""}]",Full Time,8/5/23,FALSE,MCF-2023-0274177,8/4/23,8/4/23,0,9,140,3,1,,Executive,SING WAH ENTERPRISE PTE. LTD.,3500,3200,Monthly,0,Closed,Human Resource Executive,3350
"[{""id"":6,""category"":""Building and Construction""}]",Full Time,8/5/23,FALSE,MCF-2023-0274262,8/4/23,8/4/23,0,4,113,5,1,,Executive,WAH SYN ENGINEERING PTE. LTD.,4000,3000,Monthly,0,Closed,Construction Senior Electrical Site Supervisor,3500
"[{""id"":1,""category"":""Accounting / Auditing / Taxation""},{""id"":5,""category"":""Banking and Finance""},{""id"":16,""category"":""General Management""},{""id"":29,""category"":""Professional Services""},{""id"":41,""category"":""Others""}]",Full Time,22/4/23,FALSE,MCF-2023-0274175,8/4/23,8/4/23,0,11,135,0,1,,Executive,CRESCO HOLDINGS PTE. LTD.,7000,4500,Monthly,0,Closed,Legal Counsel,5750
"[{""id"":10,""category"":""Education and Training""}]",Full Time,8/5/23,FALSE,MCF-2023-0065764,8/4/23,27/1/23,2,49,628,0,3,,Fresh/entry level,OLIVE TREE INTERVENTION CENTRE PTE. LTD.,1,1,Monthly,0,Closed,Educational Therapist - Internship,1
"[{""id"":6,""category"":""Building and Construction""}]",Full Time,8/5/23,FALSE,MCF-2023-0274168,8/4/23,8/4/23,0,9,180,3,3,,Executive,SING WAH ENTERPRISE PTE. LTD.,6000,2800,Monthly,0,Closed,Bim Modeller,4400
"[{""id"":2,""category"":""Admin / Secretarial""},{""id"":8,""category"":""Customer Service""}]",Permanent,10/7/23,FALSE,MCF-2023-0274033,10/6/23,8/4/23,2,6,163,1,2,,Executive,EVERSAFE ACADEMY PTE. LTD.,3500,2000,Monthly,0,Re-open,Centre In-charge,2750
"[{""id"":24,""category"":""Logistics / Supply Chain""},{""id"":31,""category"":""Purchasing / Merchandising""}]",Contract,8/5/23,FALSE,MCF-2023-0274279,8/4/23,8/4/23,0,13,127,0,1,,Fresh/entry level,STAFFLINK SERVICES PRIVATE LIMITED,4500,3500,Monthly,0,Closed,Global Liner Shipping Procurement,4000
"[{""id"":21,""category"":""Information Technology""}]",Permanent,29/4/23,FALSE,MCF-2023-0274173,8/4/23,8/4/23,0,18,157,2,1,,Junior Executive,TRUST RECRUIT PTE. LTD.,5000,3500,Monthly,0,Closed,"Urgent Hiring! / IT Engineer / Infrastructure Engineer ( Network , Server , IT Support  )",4250
"[{""id"":21,""category"":""Information Technology""}]",Contract,22/4/23,FALSE,MCF-2023-0274167,8/4/23,8/4/23,0,6,133,8,2,,Professional,MATRIX PROCESS AUTOMATION PTE. LTD.,7500,5000,Monthly,0,Closed,SAP FICO Consultant,6250
"[{""id"":24,""category"":""Logistics / Supply Chain""}]",Permanent,15/4/23,FALSE,MCF-2023-0274104,8/4/23,8/4/23,0,0,21,2,1,,Senior Executive,RECRUITPEDIA PTE. LTD.,4000,2800,Monthly,0,Closed,Indoor Sales Executive / Islandwide / Logistics Industry #Urgent,3400
"[{""id"":26,""category"":""Marketing / Public Relations""}]",Full Time,8/5/23,FALSE,MCF-2023-0274141,8/4/23,8/4/23,0,10,93,5,2,,Manager,3SI PTE. LTD.,5000,4000,Monthly,0,Closed,Sales Manager,4500
"[{""id"":21,""category"":""Information Technology""}]",Full Time,8/5/23,FALSE,MCF-2023-0274229,8/4/23,8/4/23,0,24,133,5,2,,Middle Management,OTTOMAN GAMES PTE. LTD.,10000,6500,Monthly,0,Closed,Sales Director,8250
"[{""id"":11,""category"":""Engineering""}]",Permanent,8/5/23,FALSE,MCF-2023-0274257,8/4/23,8/4/23,0,1,52,6,1,,Senior Executive,RECRUITPEDIA PTE. LTD.,6500,5000,Monthly,0,Closed,Supplier Development Engineer -  Manufacturing MNC (North),5750
"[{""id"":21,""category"":""Information Technology""}]",Full Time,8/5/23,FALSE,MCF-2023-0274267,8/4/23,8/4/23,0,27,144,5,2,,Senior Management,HOTS (SG) TECHNOLOGY PTE. LTD.,12000,7500,Monthly,0,Closed,Sales Director,9750
"[{""id"":2,""category"":""Admin / Secretarial""},{""id"":17,""category"":""General Work""}]",Full Time,8/5/23,TRUE,MCF-2023-0274199,8/4/23,8/4/23,0,4,48,10,4,,Professional,WONDERFUL MANPOWER PTE. LTD.,4700,2400,Monthly,0,Closed,Assistant Manager,3550
"[{""id"":2,""category"":""Admin / Secretarial""}]",Permanent,8/5/23,FALSE,MCF-2023-0274197,8/4/23,8/4/23,0,13,102,2,2,,Executive,TALENT TRADER GROUP PTE. LTD.,3800,3000,Monthly,0,Closed,Personal Assistant (Multiple Openings),3400
"[{""id"":23,""category"":""Legal""},{""id"":25,""category"":""Manufacturing""}]",Full Time,8/5/23,FALSE,MCF-2023-0274212,8/4/23,8/4/23,0,4,49,7,1,,Senior Management,RECRUITPEDIA PTE. LTD.,11000,8000,Monthly,0,Closed,Legal Counsel / West / Global MNC,9500
"[{""id"":6,""category"":""Building and Construction""}]",Permanent,8/5/23,FALSE,MCF-2023-0274241,8/4/23,8/4/23,0,11,136,2,2,,Executive,MAXX ENGINEERING PTE. LTD.,2500,2000,Monthly,0,Closed,Admin Executive,2250
"[{""id"":21,""category"":""Information Technology""}]",Full Time,8/5/23,FALSE,MCF-2023-0274227,8/4/23,8/4/23,0,52,250,10,2,,Senior Management,OTTOMAN GAMES PTE. LTD.,12000,7500,Monthly,0,Closed,General Manager,9750
"[{""id"":1,""category"":""Accounting / Auditing / Taxation""},{""id"":15,""category"":""F&B""},{""id"":35,""category"":""Sales / Retail""}]",Full Time,8/5/23,FALSE,MCF-2023-0274218,8/4/23,8/4/23,0,11,89,3,1,,Senior Executive,RECRUITPEDIA PTE. LTD.,6500,4500,Monthly,0,Closed,Assistant Finance Manager (F&B/Retail/FMCG) / Global MNC / East,5500
"[{""id"":2,""category"":""Admin / Secretarial""},{""id"":24,""category"":""Logistics / Supply Chain""}]",Temporary,23/5/23,FALSE,MCF-2023-0274222,9/5/23,8/4/23,1,7,95,2,1,,Executive,QUANTUM LEAP CAREER CONSULTANCY PTE. LTD.,4200,3800,Monthly,0,Closed,Logistics Executive (12 months Contract) - West location,4000
"[{""id"":17,""category"":""General Work""},{""id"":24,""category"":""Logistics / Supply Chain""},{""id"":25,""category"":""Manufacturing""},{""id"":41,""category"":""Others""}]",Permanent,8/5/23,FALSE,MCF-2023-0274144,8/4/23,8/4/23,0,0,41,1,1,,Non-executive,CT SOLUTIONS (PTE. LTD.),1900,1500,Monthly,0,Closed,"Warehouse Assistant (MNC / 5 Days / Up to $1,900 + AWS + Performance Bonus / Tuas / Island Wide Company Transport Provided)",1700
"[{""id"":7,""category"":""Consulting""},{""id"":8,""category"":""Customer Service""},{""id"":26,""category"":""Marketing / Public Relations""},{""id"":35,""category"":""Sales / Retail""},{""id"":39,""category"":""Telecommunications""}]",Permanent,21/7/23,FALSE,MCF-2023-0274237,21/6/23,8/4/23,2,9,213,2,2,,Executive,QUANTUM LEAP CAREER CONSULTANCY PTE. LTD.,3200,3000,Monthly,0,Re-open,Luxury Client Care Services | *Based in Call Center* |Thai Market,3100
"[{""id"":26,""category"":""Marketing / Public Relations""}]",Permanent,8/5/23,FALSE,MCF-2023-0274253,8/4/23,8/4/23,0,3,47,5,1,,Manager,RECRUITPEDIA PTE. LTD.,6000,4500,Monthly,0,Closed,Marketing Manager - (CRM) / F&B Retail / Central,5250
"[{""id"":11,""category"":""Engineering""},{""id"":25,""category"":""Manufacturing""},{""id"":41,""category"":""Others""}]",Permanent,8/5/23,FALSE,MCF-2023-0274135,8/4/23,8/4/23,0,3,69,0,1,,Fresh/entry level,CT SOLUTIONS (PTE. LTD.),2700,2500,Monthly,0,Closed,"Assistant Test Engineer (MNC / 5 Days / Up to $2,500 + AWS + Performance Bonus / Tuas / Island Wide Company Transport Provided / No Experience Required)",2600
"[{""id"":1,""category"":""Accounting / Auditing / Taxation""},{""id"":15,""category"":""F&B""},{""id"":35,""category"":""Sales / Retail""}]",Full Time,8/5/23,FALSE,MCF-2023-0274215,8/4/23,8/4/23,0,2,42,3,1,,Senior Executive,RECRUITPEDIA PTE. LTD.,6000,4500,Monthly,0,Closed,Senior Accountant (F&B/Retail/FMCG) / Global MNC / East,5250
"[{""id"":6,""category"":""Building and Construction""}]",Full Time,8/6/23,FALSE,MCF-2023-0183324,9/5/23,8/3/23,2,5,559,1,1,,Executive,SC ENGINEERING PRIVATE LIMITED,3500,2000,Monthly,0,Closed,Electrician,2750
"[{""id"":21,""category"":""Information Technology""}]",Permanent,5/6/23,FALSE,MCF-2023-0274263,22/5/23,8/4/23,2,9,173,5,1,,Professional,JJ CONSULTING SERVICES,13000,9000,Monthly,0,Closed,"Principal Software Engineer, Backend/Java",11000
"[{""id"":11,""category"":""Engineering""},{""id"":25,""category"":""Manufacturing""},{""id"":36,""category"":""Sciences / Laboratory / R&D""}]",Permanent,8/5/23,FALSE,MCF-2023-0274142,8/4/23,8/4/23,0,0,24,2,1,,Executive,CT SOLUTIONS (PTE. LTD.),4000,3000,Monthly,0,Closed,"Electroplating Engineer (MNC / 5 Days / Up to $4,000 + AWS + Performance Bonus / Pioneer / Island Wide Company Transport Provided)",3500
"[{""id"":11,""category"":""Engineering""},{""id"":25,""category"":""Manufacturing""}]",Full Time,8/5/23,FALSE,MCF-2023-0274214,8/4/23,8/4/23,0,10,82,3,1,,Senior Executive,RECRUITPEDIA PTE. LTD.,6500,4500,Monthly,0,Closed,Project Engineer / Oil & Gas MNC / West,5500
"[{""id"":9,""category"":""Design""},{""id"":30,""category"":""Public / Civil Service""},{""id"":41,""category"":""Others""}]",Contract,8/5/23,FALSE,MCF-2023-0274208,8/4/23,8/4/23,0,32,275,1,1,,Junior Executive,ACE RECRUITERS,3000,2800,Monthly,0,Closed,Graphic Designer (CC/East),2900
"[{""id"":11,""category"":""Engineering""}]",Full Time,8/6/23,FALSE,MCF-2023-0183233,9/5/23,8/3/23,2,8,201,1,2,,Executive,SC ENGINEERING PRIVATE LIMITED,3800,2500,Monthly,0,Closed,Project Executive,3150
"[{""id"":6,""category"":""Building and Construction""}]",Full Time,8/5/23,FALSE,MCF-2023-0274128,8/4/23,8/4/23,0,3,128,3,2,,Junior Executive,ECONEST BUILDERS PTE. LTD.,6000,2800,Monthly,0,Closed,Quantity Surveyor,4400
"[{""id"":5,""category"":""Banking and Finance""}]",Full Time,22/4/23,FALSE,MCF-2023-0274119,8/4/23,8/4/23,0,27,284,6,1,,Professional,GIC PRIVATE LIMITED,13000,6500,Monthly,0,Closed,"AVP, Investment Services Management",9750
"[{""id"":6,""category"":""Building and Construction""}]",Full Time,8/5/23,FALSE,MCF-2023-0274130,8/4/23,8/4/23,0,18,207,3,1,,Middle Management,3SI PTE. LTD.,3500,3000,Monthly,0,Closed,HR ADMIN EXECUTIVE,3250
"[{""id"":20,""category"":""Human Resources""}]",Permanent,15/4/23,FALSE,MCF-2023-0274087,8/4/23,8/4/23,0,14,74,5,1,,Manager,RECRUITPEDIA PTE. LTD.,9000,7000,Monthly,0,Closed,Operations Manager (Resources Planning) / MNC,8000
"[{""id"":16,""category"":""General Management""},{""id"":22,""category"":""Insurance""}]",Permanent,15/4/23,FALSE,MCF-2023-0274071,8/4/23,8/4/23,0,5,37,4,1,,Executive,RECRUITPEDIA PTE. LTD.,4500,3000,Monthly,0,Closed,Operations Executive (Insurance MNC),3750
"[{""id"":11,""category"":""Engineering""}]",Permanent,8/5/23,FALSE,MCF-2023-0274055,8/4/23,8/4/23,0,0,37,5,1,,Senior Executive,RECRUITPEDIA PTE. LTD.,7000,5500,Monthly,0,Closed,Electrical Engineer (ISO13485) Manufacturing MNC,6250
"[{""id"":18,""category"":""Healthcare / Pharmaceutical""},{""id"":35,""category"":""Sales / Retail""}]",Permanent,15/4/23,FALSE,MCF-2023-0274065,8/4/23,8/4/23,0,1,32,1,1,,Junior Executive,RECRUITPEDIA PTE. LTD.,4000,2000,Monthly,0,Closed,Medical Sales Consultant (Basic Salary + Commissions) SGX Listed,3000
"[{""id"":21,""category"":""Information Technology""}]",Contract,22/4/23,FALSE,MCF-2023-0274127,8/4/23,8/4/23,0,4,49,6,5,,Executive,JOBLINE RESOURCES PTE. LTD.,8500,5000,Monthly,0,Closed,Service Delivery Manager (Ref 25249),6750
"[{""id"":35,""category"":""Sales / Retail""}]",Full Time,8/5/23,FALSE,MCF-2023-0182922,8/4/23,8/3/23,1,2,169,1,1,,Junior Executive,STARPET MARKETING PTE. LTD.,2500,2000,Monthly,0,Closed,Sales Executive,2250
"[{""id"":15,""category"":""F&B""}]",Full Time,8/5/23,FALSE,MCF-2023-0183441,8/4/23,8/3/23,1,5,620,2,2,,Non-executive,LATTERIA PTE. LTD.,3500,2600,Monthly,0,Closed,Waiter / Waitress,3050
"[{""id"":1,""category"":""Accounting / Auditing / Taxation""},{""id"":2,""category"":""Admin / Secretarial""},{""id"":41,""category"":""Others""}]",Permanent,8/5/23,FALSE,MCF-2023-0274133,8/4/23,8/4/23,0,5,91,2,1,,Junior Executive,CT SOLUTIONS (PTE. LTD.),3500,2500,Monthly,0,Closed,"Accounts Assistant, AR (MNC / 5 Days / Up to $3,500 + AWS + Performance Bonus / Pioneer / Island Wide Company Transport Provided / No Experience Required)",3000
"[{""id"":5,""category"":""Banking and Finance""}]",Full Time,22/4/23,FALSE,MCF-2023-0274116,8/4/23,8/4/23,0,11,154,6,1,,Professional,GIC PRIVATE LIMITED,10000,5000,Monthly,0,Closed,"AVP, Fund Execution Services (JR15099)",7500
"[{""id"":35,""category"":""Sales / Retail""}]",Permanent,8/5/23,FALSE,MCF-2023-0274194,8/4/23,8/4/23,0,1,24,5,1,,Senior Executive,RECRUITPEDIA PTE. LTD.,4000,3000,Monthly,0,Closed,Senior Sales Executive (Islandwide) - HORECA & F&B,3500
"[{""id"":26,""category"":""Marketing / Public Relations""}]",Permanent,15/4/23,FALSE,MCF-2023-0274093,8/4/23,8/4/23,0,5,64,5,1,,Manager,RECRUITPEDIA PTE. LTD.,8000,7000,Monthly,0,Closed,Digital Marketing Manager (SEO / Content) MNC,7500
"[{""id"":1,""category"":""Accounting / Auditing / Taxation""}]",Permanent,15/4/23,FALSE,MCF-2023-0274053,8/4/23,8/4/23,0,2,56,1,2,,Executive,RECRUITPEDIA PTE. LTD.,3500,2800,Monthly,0,Closed,Accounts Executive (Full-Set) Shipping MNC,3150
"[{""id"":2,""category"":""Admin / Secretarial""},{""id"":35,""category"":""Sales / Retail""}]",Permanent,15/4/23,FALSE,MCF-2023-0274082,8/4/23,8/4/23,0,0,28,1,1,,Junior Executive,RECRUITPEDIA PTE. LTD.,3200,2500,Monthly,0,Closed,Sales Administrator - Japanese Semiconductor MNC,2850
"[{""id"":2,""category"":""Admin / Secretarial""}]",Full Time,8/5/23,FALSE,MCF-2023-0274131,8/4/23,8/4/23,0,18,230,1,1,,Executive,ZULFA KINDERGARTEN @ JURONG WEST,2000,1700,Monthly,0,Closed,Admin Executive,1850
"[{""id"":18,""category"":""Healthcare / Pharmaceutical""},{""id"":26,""category"":""Marketing / Public Relations""},{""id"":35,""category"":""Sales / Retail""}]",Permanent,15/4/23,FALSE,MCF-2023-0274081,8/4/23,8/4/23,0,2,32,3,1,,Manager,RECRUITPEDIA PTE. LTD.,5000,4000,Monthly,0,Closed,E-Commerce Manager (SGX / Healthcare),4500
"[{""id"":8,""category"":""Customer Service""},{""id"":24,""category"":""Logistics / Supply Chain""}]",Full Time,8/5/23,FALSE,MCF-2023-0274203,8/4/23,8/4/23,0,3,43,3,1,,Senior Executive,RECRUITPEDIA PTE. LTD.,4300,3500,Monthly,0,Closed,Senior Customer Service Executive (Cargowise) / Logistics MNC / East,3900
"[{""id"":1,""category"":""Accounting / Auditing / Taxation""},{""id"":5,""category"":""Banking and Finance""},{""id"":7,""category"":""Consulting""},{""id"":10,""category"":""Education and Training""},{""id"":16,""category"":""General Management""}]",Full Time,8/5/23,FALSE,MCF-2023-0274102,8/4/23,8/4/23,0,19,229,3,1,,Manager,LONDON SCHOOL OF BUSINESS & FINANCE PTE. LTD.,6000,4500,Monthly,0,Closed,"Manager, Business Analyst",5250
"[{""id"":11,""category"":""Engineering""},{""id"":25,""category"":""Manufacturing""},{""id"":43,""category"":""Precision Engineering""}]",Permanent,8/5/23,FALSE,MCF-2023-0274134,8/4/23,8/4/23,0,6,48,0,1,,Fresh/entry level,CT SOLUTIONS (PTE. LTD.),2700,2500,Monthly,0,Closed,"Assistant Production Engineer (MNC / 5 Days / Up to $2,700 + AWS + Performance Bonus / Tuas / Island Wide Company Transport Provided / No Experience Required)",2600
"[{""id"":6,""category"":""Building and Construction""}]",Full Time,22/6/23,FALSE,MCF-2023-0274126,23/5/23,8/4/23,1,51,491,5,1,,Senior Executive,3SI PTE. LTD.,4000,3500,Monthly,0,Closed,Purchasing Officer,3750
"[{""id"":13,""category"":""Environment / Health""},{""id"":25,""category"":""Manufacturing""}]",Permanent,15/4/23,FALSE,MCF-2023-0274078,8/4/23,8/4/23,0,5,44,3,1,,Executive,RECRUITPEDIA PTE. LTD.,7000,5000,Monthly,0,Closed,Work Safety Engineer (F&B Manufacturing MNC),6000
"[{""id"":15,""category"":""F&B""},{""id"":19,""category"":""Hospitality""}]",Full Time,8/5/23,FALSE,MCF-2023-0121481,8/4/23,14/2/23,1,2,109,2,1,,Executive,CROWNE PLAZA CHANGI AIRPORT,3500,3000,Monthly,0,Closed,Junior Sous Chef (Cold Kitchen),3250
"[{""id"":5,""category"":""Banking and Finance""}]",Full Time,22/4/23,FALSE,MCF-2023-0274118,8/4/23,8/4/23,0,22,178,4,1,,Professional,GIC PRIVATE LIMITED,13000,6500,Monthly,0,Closed,"AVP, Business Solutions Analytics (JR15037)",9750
"[{""id"":10,""category"":""Education and Training""}]",Contract,22/7/23,FALSE,MCF-2023-0274360,22/6/23,8/4/23,2,5,113,3,2,,Professional,SUPERGENIUS PRESCHOOL HBB PTE. LTD.,3800,2600,Monthly,0,Re-open,Preschool Speech & Drama Teacher,3200
"[{""id"":1,""category"":""Accounting / Auditing / Taxation""}]",Contract,29/4/23,FALSE,MCF-2023-0274342,8/4/23,8/4/23,0,3,78,3,1,,Senior Executive,ADECCO PERSONNEL PTE LTD,7000,4000,Monthly,0,Closed,"Senior Accountant @ US MNC (Up to $7,000/ Payroll)",5500
"[{""id"":15,""category"":""F&B""}]",Part Time,8/5/23,FALSE,MCF-2023-0274375,8/4/23,8/4/23,0,2,76,1,10,,Fresh/entry level,ZENSHO JAPANESE RESTAURANT COMPANY PTE. LTD.,2601,2000,Monthly,0,Closed,COMMIS COOK - SUKIYA PLAZA SINGAPURA (5 DAYS WORK),2300.5
"[{""id"":6,""category"":""Building and Construction""}]",Full Time,22/6/23,FALSE,MCF-2023-0274132,23/5/23,8/4/23,1,4,158,3,2,,Senior Executive,3SI PTE. LTD.,3500,3000,Monthly,0,Closed,System Engineer,3250
"[{""id"":8,""category"":""Customer Service""}]",Contract,8/5/23,FALSE,MCF-2023-0274097,8/4/23,8/4/23,0,2,25,2,1,,Senior Executive,RECRUITPEDIA PTE. LTD.,4000,3000,Monthly,0,Closed,Senior Concierge (Shift hours)/ East,3500
"[{""id"":29,""category"":""Professional Services""}]",Full Time,8/5/23,FALSE,MCF-2023-0274345,8/4/23,8/4/23,0,0,118,0,3,,Fresh/entry level,AL HAQIM NETWORK,3000,2200,Monthly,0,Closed,Hairstylist / Barber / Hairdresser,2600
"[{""id"":9,""category"":""Design""}]",Permanent,8/5/23,FALSE,MCF-2023-0274038,8/4/23,8/4/23,0,1,21,2,1,,Junior Executive,RECRUITPEDIA PTE. LTD.,8000,4000,Monthly,0,Closed,Analog Designer / Electrical MNC,6000
"[{""id"":18,""category"":""Healthcare / Pharmaceutical""}]",Full Time,8/5/23,FALSE,MCF-2023-0274367,8/4/23,8/4/23,0,5,100,0,1,,Fresh/entry level,ALS MEDICAL PTE. LTD.,2400,2000,Monthly,0,Closed,CLINIC  Assistant,2200
"[{""id"":1,""category"":""Accounting / Auditing / Taxation""}]",Permanent,15/4/23,FALSE,MCF-2023-0274109,8/4/23,8/4/23,0,3,86,3,1,,Senior Executive,RECRUITPEDIA PTE. LTD.,4000,3500,Monthly,0,Closed,Assistant Accountant / Oil and Gas MNC / North,3750
"[{""id"":10,""category"":""Education and Training""}]",Permanent,23/7/23,FALSE,MCF-2023-0274030,23/6/23,8/4/23,2,25,457,10,1,,Professional,EVERSAFE ACADEMY PTE. LTD.,10000,8000,Monthly,0,Re-open,Curriculum Developer,9000
"[{""id"":2,""category"":""Admin / Secretarial""},{""id"":8,""category"":""Customer Service""},{""id"":23,""category"":""Legal""}]",Permanent,8/5/23,FALSE,MCF-2023-0274148,8/4/23,8/4/23,0,7,81,1,1,,Executive,IN.CORP CORPORATE SERVICES PTE. LTD.,5000,3000,Monthly,0,Closed,Share Registry Officer,4000
"[{""id"":35,""category"":""Sales / Retail""}]",Permanent,8/5/23,FALSE,MCF-2023-0274050,8/4/23,8/4/23,0,0,29,1,1,,Fresh/entry level,RECRUITPEDIA PTE. LTD.,2200,1800,Monthly,0,Closed,Retail Associate (Basic + Commission)  - Health & Wellness MNC,2000
"[{""id"":8,""category"":""Customer Service""},{""id"":18,""category"":""Healthcare / Pharmaceutical""},{""id"":39,""category"":""Telecommunications""}]",Permanent,15/4/23,FALSE,MCF-2023-0274090,8/4/23,8/4/23,0,9,69,2,1,,Junior Executive,RECRUITPEDIA PTE. LTD.,3000,2500,Monthly,0,Closed,Call Centre Officer (Credit Control) - Healthcare MNC,2750
"[{""id"":18,""category"":""Healthcare / Pharmaceutical""},{""id"":31,""category"":""Purchasing / Merchandising""}]",Permanent,8/6/23,FALSE,MCF-2023-0274363,9/5/23,8/4/23,1,78,532,3,1,,Executive,THE LENTOR RESIDENCE PTE LTD,4500,3500,Monthly,0,Closed,Purchasing Executive (Nursing Home),4000
"[{""id"":8,""category"":""Customer Service""}]",Permanent,8/5/23,FALSE,MCF-2023-0274041,8/4/23,8/4/23,0,0,27,1,5,,Fresh/entry level,RECRUITPEDIA PTE. LTD.,2000,1700,Monthly,0,Closed,Customer Service Officer (Changi),1850
"[{""id"":7,""category"":""Consulting""},{""id"":21,""category"":""Information Technology""}]",Permanent,8/5/23,FALSE,MCF-2023-0274351,8/4/23,8/4/23,0,3,73,2,1,,Executive,PEOPLE PROFILERS PTE. LTD.,10000,6500,Monthly,0,Closed,SOFTWARE ENGINEER (C ++) [Leading Payment MNC],8250
"[{""id"":35,""category"":""Sales / Retail""}]",Full Time,8/5/23,FALSE,MCF-2023-0274364,8/4/23,8/4/23,0,2,49,1,1,,Junior Executive,E.BANK.COM PTE. LTD.,3500,2200,Monthly,0,Closed,Retail Sales Manager (Medical Equipment),2850
"[{""id"":35,""category"":""Sales / Retail""}]",Permanent,8/5/23,FALSE,MCF-2023-0274045,8/4/23,8/4/23,0,0,21,2,1,,Executive,RECRUITPEDIA PTE. LTD.,3800,3000,Monthly,0,Closed,Outdoor Sales Engineer (Optics MNC),3400
"[{""id"":6,""category"":""Building and Construction""},{""id"":11,""category"":""Engineering""},{""id"":33,""category"":""Repair and Maintenance""}]",Permanent,8/5/23,FALSE,MCF-2023-0274358,8/4/23,8/4/23,0,22,163,2,1,,Non-executive,COSMOS RECRUIT PTE. LTD.,4500,3500,Monthly,0,Closed,Facilities Engineer (M&E),4000
"[{""id"":10,""category"":""Education and Training""}]",Contract,22/7/23,FALSE,MCF-2023-0274359,22/6/23,8/4/23,2,7,121,0,5,,Professional,SUPERGENIUS PRESCHOOL HBB PTE. LTD.,4000,2600,Monthly,0,Re-open,Early Childhood Enrichment Specialists,3300
"[{""id"":11,""category"":""Engineering""}]",Full Time,8/5/23,FALSE,MCF-2023-0274374,8/4/23,8/4/23,0,0,76,2,5,,Non-executive,PING SIONG INTERNATIONAL PTE. LTD.,5000,2200,Monthly,0,Closed,Vehicle Mechanic,3600
"[{""id"":3,""category"":""Advertising / Media""}]",Full Time,8/5/23,FALSE,MCF-2023-0274336,8/4/23,8/4/23,0,1,35,0,5,,Fresh/entry level,GUTENHAG PRIVATE LIMITED,1800,1500,Monthly,0,Closed,Growth Hacker,1650
"[{""id"":10,""category"":""Education and Training""}]",Contract,22/7/23,FALSE,MCF-2023-0274361,22/6/23,8/4/23,2,10,184,3,2,,Professional,SUPERGENIUS PRESCHOOL HBB PTE. LTD.,3800,2600,Monthly,0,Re-open,Preschool Music Teacher,3200
"[{""id"":15,""category"":""F&B""}]",Permanent,8/5/23,FALSE,MCF-2023-0274378,8/4/23,8/4/23,0,0,45,1,16,,Manager,ZENSHO FOOD SINGAPORE PTE. LTD.,3700,2600,Monthly,0,Closed,Management Trainee / Assistant Manager,3150
"[{""id"":1,""category"":""Accounting / Auditing / Taxation""},{""id"":2,""category"":""Admin / Secretarial""}]",Full Time,8/5/23,FALSE,MCF-2023-0274356,8/4/23,8/4/23,0,9,161,1,1,,Fresh/entry level,E.BANK.COM PTE. LTD.,2500,2200,Monthly,0,Closed,Account Assistant,2350
"[{""id"":10,""category"":""Education and Training""}]",Full Time,22/4/23,TRUE,MCF-2023-0274369,8/4/23,8/4/23,0,0,28,1,2,,Non-executive,THE MORAL CHILDCARE CENTRE,3600,2200,Monthly,0,Closed,Trained Childcare Teacher (Chinese & English),2900
"[{""id"":2,""category"":""Admin / Secretarial""}]",Permanent,8/5/23,FALSE,MCF-2023-0274338,8/4/23,8/4/23,0,11,156,0,1,,Junior Executive,CURTAINMISE CO. PTE. LTD.,2800,2000,Monthly,0,Closed,Admin Executive,2400
"[{""id"":1,""category"":""Accounting / Auditing / Taxation""},{""id"":2,""category"":""Admin / Secretarial""}]",Full Time,8/6/23,FALSE,MCF-2023-0186075,9/5/23,8/3/23,2,17,486,1,1,,Junior Executive,STARLIGHT & PARTNERS PTE. LTD.,3800,2800,Monthly,0,Closed,Accounts cum Admin,3300
"[{""id"":26,""category"":""Marketing / Public Relations""}]",Permanent,15/4/23,FALSE,MCF-2023-0274091,8/4/23,8/4/23,0,4,48,3,1,,Executive,RECRUITPEDIA PTE. LTD.,4200,3500,Monthly,0,Closed,Marketing Specialist (Research & Education),3850
"[{""id"":11,""category"":""Engineering""}]",Permanent,8/5/23,FALSE,MCF-2023-0274354,8/4/23,8/4/23,0,4,89,1,1,,Non-executive,COSMOS RECRUIT PTE. LTD.,4000,3000,Monthly,0,Closed,Field Service Technician (Up to $4k/ West),3500
"[{""id"":11,""category"":""Engineering""}]",Full Time,22/4/23,FALSE,MCF-2023-0091882,8/4/23,6/2/23,2,13,233,2,1,,Executive,CIS-TRONICS PTE LTD,4000,3000,Monthly,0,Closed,Project/ Service Engineer,3500
"[{""id"":11,""category"":""Engineering""},{""id"":21,""category"":""Information Technology""}]",Permanent,8/5/23,FALSE,MCF-2023-0274365,8/4/23,8/4/23,0,33,170,2,1,,Executive,COSMOS RECRUIT PTE. LTD.,5000,3500,Monthly,0,Closed,Cyber Security Engineer,4250
"[{""id"":21,""category"":""Information Technology""}]",Full Time,8/5/23,FALSE,MCF-2023-0274330,8/4/23,8/4/23,0,21,178,4,10,,Senior Management,DOITWELL PTE. LTD.,15000,10000,Monthly,0,Closed,Principal Big Data Engineer,12500
"[{""id"":11,""category"":""Engineering""}]",Permanent,25/4/23,FALSE,MCF-2023-0244746,18/4/23,28/3/23,2,13,129,0,7,,Fresh/entry level,ATOMRECRUIT PTE. LTD.,3000,2400,Monthly,0,Closed,"Assistant Engineer x7 (Start pay-$2400, No experience/fresh welcome)",2700
"[{""id"":8,""category"":""Customer Service""},{""id"":16,""category"":""General Management""},{""id"":24,""category"":""Logistics / Supply Chain""},{""id"":25,""category"":""Manufacturing""}]",Permanent,22/4/23,FALSE,MCF-2023-0165063,8/4/23,1/3/23,2,10,98,1,2,,Junior Executive,RECRUITFLASH PTE. LTD.,3800,2800,Monthly,0,Closed,Spare Parts Advisor / Car Parts Coordinator ( Junior / Entry level ),3300
"[{""id"":11,""category"":""Engineering""},{""id"":21,""category"":""Information Technology""},{""id"":25,""category"":""Manufacturing""},{""id"":31,""category"":""Purchasing / Merchandising""},{""id"":41,""category"":""Others""}]",Permanent,22/4/23,FALSE,MCF-2023-0057601,8/4/23,20/1/23,2,23,142,1,2,,Junior Executive,RECRUITFLASH PTE. LTD.,8000,5000,Monthly,0,Closed,Cyber Security Engineer  ‚Äì Smart Grid & Metering,6500
"[{""id"":15,""category"":""F&B""},{""id"":26,""category"":""Marketing / Public Relations""},{""id"":35,""category"":""Sales / Retail""}]",Full Time,8/5/23,FALSE,MCF-2023-0274204,8/4/23,8/4/23,0,3,35,3,1,,Senior Executive,RECRUITPEDIA PTE. LTD.,4600,3500,Monthly,0,Closed,Senior Marketing Executive (F&B) / East / Global MNC,4050
"[{""id"":1,""category"":""Accounting / Auditing / Taxation""},{""id"":5,""category"":""Banking and Finance""},{""id"":7,""category"":""Consulting""}]",Permanent,13/5/23,FALSE,MCF-2023-0242099,22/4/23,28/3/23,2,25,378,3,1,,Executive,ATOMRECRUIT PTE. LTD.,5000,4000,Monthly,0,Closed,Finance Executive,4500
"[{""id"":8,""category"":""Customer Service""},{""id"":15,""category"":""F&B""},{""id"":26,""category"":""Marketing / Public Relations""}]",Full Time,8/5/23,FALSE,MCF-2023-0274307,8/4/23,8/4/23,0,8,122,1,3,,Fresh/entry level,TIN BOX GROUP SINGAPORE PTE. LTD.,5000,3000,Monthly,0,Closed,GUEST RELATIONS,4000
"[{""id"":25,""category"":""Manufacturing""},{""id"":35,""category"":""Sales / Retail""}]",Permanent,3/6/23,FALSE,MCF-2023-0274316,20/5/23,8/4/23,2,15,102,1,1,,Junior Executive,ATOMRECRUIT PTE. LTD.,5000,3500,Monthly,0,Closed,Sale Engineer (Serve existing Customers),4250
"[{""id"":18,""category"":""Healthcare / Pharmaceutical""}]",Permanent,8/5/23,FALSE,MCF-2023-0274327,8/4/23,8/4/23,0,0,26,3,1,,Professional,THE TALENT NETWORK PRIVATE LIMITED,5000,4800,Monthly,0,Closed,"Physiotherapist ( Welfare Organisation) - Up to $ 5,000.00 + AWS + VB / Island-wide area - 2 openings",4900
"[{""id"":21,""category"":""Information Technology""},{""id"":37,""category"":""Security and Investigation""}]",Contract,8/5/23,FALSE,MCF-2023-0274300,8/4/23,8/4/23,0,17,258,3,1,,Senior Executive,SGCM PTE. LTD.,6000,4000,Monthly,0,Closed,Cyber Security Engineer (Penetration Tester / Vulnerability Assessment / Web / Network) - 1-Year Contract ‚Äì Renewable,5000
"[{""id"":8,""category"":""Customer Service""},{""id"":16,""category"":""General Management""},{""id"":24,""category"":""Logistics / Supply Chain""},{""id"":25,""category"":""Manufacturing""}]",Permanent,22/4/23,FALSE,MCF-2023-0165068,8/4/23,1/3/23,2,6,69,1,2,,Junior Executive,RECRUITFLASH PTE. LTD.,3800,2800,Monthly,0,Closed,LOGISTIC EXECUTIVES / Logistic Coordinator (Warehouse Customer service ),3300
"[{""id"":10,""category"":""Education and Training""}]",Full Time,8/5/23,FALSE,MCF-2023-0051168,8/4/23,19/1/23,2,4,168,3,1,,Professional,MUSIC LIFESTYLE ACADEMY LLP,3000,3000,Monthly,0,Closed,Piano Teacher Singapore,3000
"[{""id"":8,""category"":""Customer Service""}]",Full Time,19/5/23,FALSE,MCF-2023-0232894,5/5/23,24/3/23,2,6,73,1,1,,Professional,JJ CONSULTING SERVICES,2300,1900,Monthly,0,Closed,Customer Service Officer (Office Hours/ Ang Mo Kio),2100
"[{""id"":6,""category"":""Building and Construction""}]",Contract,8/5/23,FALSE,MCF-2023-0274289,8/4/23,8/4/23,0,5,55,1,1,,Junior Executive,STAFFLINK SERVICES PRIVATE LIMITED,3800,3000,Monthly,0,Closed,Outsource Site Coordinator (Onsite / Solar),3400
"[{""id"":6,""category"":""Building and Construction""}]",Full Time,8/5/23,FALSE,MCF-2023-0274305,8/4/23,8/4/23,0,0,96,4,1,,Executive,KAO LEE ALUMINIUM INDUSTRIAL PTE. LTD.,3400,2900,Monthly,0,Closed,Architectural Draughtsman,3150
"[{""id"":2,""category"":""Admin / Secretarial""},{""id"":24,""category"":""Logistics / Supply Chain""}]",Permanent,22/4/23,FALSE,MCF-2023-0274323,8/4/23,8/4/23,0,5,82,1,1,,Junior Executive,ATOMRECRUIT PTE. LTD.,2200,2000,Monthly,0,Closed,"Store Admin (Chai Chee, 5 days, $2200)",2100
"[{""id"":10,""category"":""Education and Training""}]",Contract,22/7/23,FALSE,MCF-2023-0274357,22/6/23,8/4/23,2,1,64,3,3,,Professional,SUPERGENIUS PRESCHOOL HBB PTE. LTD.,3800,2600,Monthly,0,Re-open,Chinese Preschool Educators,3200
"[{""id"":11,""category"":""Engineering""},{""id"":25,""category"":""Manufacturing""}]",Permanent,26/4/23,FALSE,MCF-2023-0242103,19/4/23,28/3/23,2,22,161,0,4,,Fresh/entry level,ATOMRECRUIT PTE. LTD.,3300,2900,Monthly,0,Closed,"Service Engineer (Fresh/No experience welcome, $3300 Up)",3100
"[{""id"":11,""category"":""Engineering""},{""id"":25,""category"":""Manufacturing""}]",Permanent,8/5/23,FALSE,MCF-2023-0274309,8/4/23,8/4/23,0,3,29,5,1,,Manager,ATOMRECRUIT PTE. LTD.,7500,6000,Monthly,0,Closed,"Engineering Manager (Hybrid, Up $7500, Woodlands)",6750
"[{""id"":15,""category"":""F&B""}]",Contract,8/5/23,FALSE,MCF-2023-0274376,8/4/23,8/4/23,0,2,77,1,15,,Non-executive,ZENSHO JAPANESE RESTAURANT COMPANY PTE. LTD.,2600,1900,Monthly,0,Closed,Commis Cook - Ichikokudo Ramen Restaurant (Halal) 5 DAYS WORK,2250
"[{""id"":15,""category"":""F&B""}]",Part Time,8/5/23,FALSE,MCF-2023-0274368,8/4/23,8/4/23,0,1,41,2,2,,Executive,UNDER DER LINDEN PTE. LTD.,2800,2000,Monthly,0,Closed,Cafe Crew/ One North / 5 days,2400
"[{""id"":24,""category"":""Logistics / Supply Chain""}]",Permanent,8/5/23,FALSE,MCF-2023-0274384,8/4/23,8/4/23,0,13,109,1,1,,Executive,PEOPLE PROFILERS PTE. LTD.,3700,2800,Monthly,0,Closed,WAREHOUSE ASSISTANT ‚Äì $3.5K + AWS + at least 3 months VB/ 5 day/ MNC,3250
"[{""id"":7,""category"":""Consulting""},{""id"":28,""category"":""Personal Care / Beauty""},{""id"":35,""category"":""Sales / Retail""},{""id"":41,""category"":""Others""}]",Full Time,8/5/23,FALSE,MCF-2023-0274334,8/4/23,8/4/23,0,0,25,1,2,,Fresh/entry level,LE COIFFURE CORNER PTE. LTD.,3500,3000,Monthly,0,Closed,Hairstylist,3250
"[{""id"":27,""category"":""Medical / Therapy Services""},{""id"":28,""category"":""Personal Care / Beauty""}]",Part Time,8/5/23,FALSE,MCF-2022-0833918,8/4/23,27/10/22,1,2,88,2,5,,Fresh/entry level,BEAUTY VALLEY PTE. LTD.,4000,3000,Monthly,0,Closed,SPA THERAPIST (Chinatown/Full-time/Part-time),3500
"[{""id"":16,""category"":""General Management""}]",Full Time,16/7/23,FALSE,MCF-2023-0274371,16/6/23,8/4/23,1,84,414,2,5,,Manager,CEREZA PTE. LTD.,4000,2600,Monthly,0,Re-open,Dormitory Manager,3300
"[{""id"":21,""category"":""Information Technology""}]",Permanent,29/4/23,FALSE,MCF-2023-0274399,8/4/23,8/4/23,0,20,111,8,1,,Manager,TRITON AI PTE. LTD.,12000,8000,Monthly,0,Closed,"IT Project Manager (Turnkey, Healthcare Client)",10000
"[{""id"":10,""category"":""Education and Training""}]",Full Time,8/5/23,FALSE,MCF-2023-0274398,8/4/23,8/4/23,0,0,6,3,1,,Executive,MY LITTLE GEMS PRIVATE LIMITED,4000,3000,Monthly,0,Closed,ÂπºÊïôÂ∏à  Chinese Preschool Teacher,3500
"[{""id"":11,""category"":""Engineering""}]",Permanent,8/6/23,FALSE,MCF-2023-0153771,9/5/23,25/2/23,2,33,350,5,1,,Manager,SINGAPORE POST LIMITED,8000,7000,Monthly,0,Closed,"Project Manager, Postpal",7500
"[{""id"":21,""category"":""Information Technology""}]",Contract,22/4/23,FALSE,MCF-2023-0274402,8/4/23,8/4/23,0,0,80,10,7,,Professional,TECHNOPALS PTE. LTD.,14500,7500,Monthly,0,Closed,SAS Viya/ VA Developer,11000
"[{""id"":15,""category"":""F&B""}]",Contract,29/4/23,FALSE,MCF-2023-0274400,8/4/23,8/4/23,0,1,53,0,1,,Fresh/entry level,ABURIYA PTE. LTD.,2800,2000,Monthly,0,Closed,Service Crew,2400
"[{""id"":15,""category"":""F&B""}]",Full Time,8/5/23,TRUE,MCF-2023-0274422,8/4/23,8/4/23,0,0,28,1,1,,Executive,ZUBAO BUSINESS PTE. LTD.,2700,2300,Monthly,0,Closed,Chef,2500
"[{""id"":1,""category"":""Accounting / Auditing / Taxation""}]",Contract,8/5/23,FALSE,MCF-2023-0274339,8/4/23,8/4/23,0,1,52,1,1,,Executive,ADECCO PERSONNEL PTE LTD,5000,4000,Monthly,0,Closed,"Tax Accountant @ East (Up to $6,000/ Hybrid)",4500
"[{""id"":10,""category"":""Education and Training""}]",Permanent,8/5/23,FALSE,MCF-2023-0274424,8/4/23,8/4/23,0,6,133,1,1,,Manager,SINGAPORE EDUSMART LEARNING HUB PTE. LTD.,3000,2500,Monthly,0,Closed,KCare Supervisor Trainee (Sembawang/Yishun area)#SGUnitedJobs,2750
"[{""id"":1,""category"":""Accounting / Auditing / Taxation""}]",Full Time,8/5/23,FALSE,MCF-2023-0274352,8/4/23,8/4/23,0,0,74,0,3,,Fresh/entry level,KMC & PARTNERS LLP,2800,2400,Monthly,0,Closed,Audit Associate,2600
"[{""id"":18,""category"":""Healthcare / Pharmaceutical""},{""id"":38,""category"":""Social Services""},{""id"":41,""category"":""Others""}]",Part Time,9/7/23,FALSE,MCF-2023-0163030,9/6/23,1/3/23,2,27,557,2,1,,Executive,ST LUKE'S HOSPITAL,5000,3500,Monthly,0,Re-open,Chaplain / Pastoral Counsellor (Part-time),4250
"[{""id"":2,""category"":""Admin / Secretarial""}]",Part Time,8/5/23,FALSE,MCF-2023-0274346,8/4/23,8/4/23,0,66,911,0,1,,Fresh/entry level,KMC & PARTNERS LLP,1500,1200,Monthly,0,Closed,Administrative Assistant - Part-Time,1350
"[{""id"":6,""category"":""Building and Construction""},{""id"":11,""category"":""Engineering""}]",Permanent,8/5/23,FALSE,MCF-2023-0274407,8/4/23,8/4/23,0,2,55,2,2,,Executive,SEARCH PERSONNEL PRIVATE LIMITED,6000,4000,Monthly,0,Closed,M&E Coordinator/Engineer (Construction / 6 Days / Up to $6000),5000
"[{""id"":24,""category"":""Logistics / Supply Chain""}]",Permanent,8/5/23,FALSE,MCF-2023-0274382,8/4/23,8/4/23,0,12,117,1,1,,Executive,PEOPLE PROFILERS PTE. LTD.,3700,2900,Monthly,0,Closed,LOGISTICS ASSISTANT ‚Äì $3.5K + AWS + at least 3 months VB/ 5 day/ MNC,3300
"[{""id"":8,""category"":""Customer Service""},{""id"":18,""category"":""Healthcare / Pharmaceutical""},{""id"":27,""category"":""Medical / Therapy Services""},{""id"":28,""category"":""Personal Care / Beauty""},{""id"":35,""category"":""Sales / Retail""}]",Full Time,8/5/23,FALSE,MCF-2023-0274337,8/4/23,8/4/23,0,3,66,2,4,,Non-executive,CAL CONCEPT & LIFESTYLE PTE. LTD.,12000,4000,Monthly,0,Closed,Beauty Sales Consultant,8000
"[{""id"":10,""category"":""Education and Training""},{""id"":21,""category"":""Information Technology""}]",Full Time,8/5/23,FALSE,MCF-2023-0274418,8/4/23,8/4/23,0,4,97,2,1,,Professional,LEMON3,5000,4000,Monthly,0,Closed,Business Development Manager,4500
"[{""id"":10,""category"":""Education and Training""}]",Permanent,8/5/23,FALSE,MCF-2022-0951258,8/4/23,4/12/22,1,4,103,0,3,,Executive,SINGAPORE EDUSMART LEARNING HUB PTE. LTD.,2800,1800,Monthly,0,Closed,KCare Senior Teacher (Bedok/Pasir Ris/Marine Parade area)#SGUnitedJobs,2300
"[{""id"":6,""category"":""Building and Construction""},{""id"":8,""category"":""Customer Service""},{""id"":16,""category"":""General Management""},{""id"":17,""category"":""General Work""},{""id"":41,""category"":""Others""}]",Full Time,8/5/23,FALSE,MCF-2023-0274401,8/4/23,8/4/23,0,2,65,10,1,,Non-executive,STAR GREEN ENGINEERING & LANDSCAPE PTE. LTD.,4500,4000,Monthly,0,Closed,Crane Lorry Operator Cum Site Coordinator,4250
"[{""id"":26,""category"":""Marketing / Public Relations""}]",Permanent,8/5/23,FALSE,MCF-2023-0274098,8/4/23,8/4/23,0,1,39,2,1,,Junior Executive,RECRUITPEDIA PTE. LTD.,4500,3500,Monthly,0,Closed,Product Marketing Specialist (Insurance MNC) / Town,4000
"[{""id"":1,""category"":""Accounting / Auditing / Taxation""},{""id"":5,""category"":""Banking and Finance""}]",Permanent,15/4/23,FALSE,MCF-2023-0274099,8/4/23,8/4/23,0,1,40,3,1,,Executive,RECRUITPEDIA PTE. LTD.,4800,4500,Monthly,0,Closed,Trade Finance (Letter of Credit) / Oil & Gas MNC,4650
"[{""id"":35,""category"":""Sales / Retail""}]",Permanent,8/5/23,FALSE,MCF-2023-0274411,8/4/23,8/4/23,0,0,27,1,3,,Junior Executive,TRUST RECRUIT PTE. LTD.,3100,2500,Monthly,0,Closed,Business Development/ Sales Executive (East/ Client Management/ Branding company) Up to 3K+ AWS + VB + Comm CSY,2800
"[{""id"":7,""category"":""Consulting""},{""id"":29,""category"":""Professional Services""},{""id"":41,""category"":""Others""}]",Permanent,8/5/23,FALSE,MCF-2023-0274427,8/4/23,8/4/23,0,2,50,2,1,,Executive,COSMOS RECRUIT PTE. LTD.,4000,3000,Monthly,0,Closed,Planning Executive,3500
"[{""id"":35,""category"":""Sales / Retail""}]",Permanent,15/4/23,FALSE,MCF-2023-0274107,8/4/23,8/4/23,0,3,61,6,1,,Manager,RECRUITPEDIA PTE. LTD.,9000,7000,Monthly,0,Closed,Retail Manager (Operation)/Luxury Retail MNC/Central,8000
"[{""id"":2,""category"":""Admin / Secretarial""},{""id"":18,""category"":""Healthcare / Pharmaceutical""}]",Contract,8/5/23,FALSE,MCF-2023-0274343,8/4/23,8/4/23,0,12,152,1,5,,Fresh/entry level,ADECCO PERSONNEL PTE LTD,3500,3000,Monthly,0,Closed,"Healthcare Admin/ Ops Support (Up to $3,500/ No Exp Ok!)",3250
"[{""id"":8,""category"":""Customer Service""},{""id"":15,""category"":""F&B""},{""id"":26,""category"":""Marketing / Public Relations""},{""id"":35,""category"":""Sales / Retail""},{""id"":42,""category"":""Wholesale Trade""}]",Permanent,8/5/23,FALSE,MCF-2023-0274417,8/4/23,8/4/23,0,24,117,3,1,,Manager,COSMOS RECRUIT PTE. LTD.,5000,4000,Monthly,0,Closed,Sales Manager (High Comms/ FMCG),4500
"[{""id"":35,""category"":""Sales / Retail""}]",Permanent,8/5/23,FALSE,MCF-2023-0015005,8/4/23,6/1/23,2,27,438,5,1,,Senior Executive,SINGAPORE POST LIMITED,3500,2800,Monthly,0,Closed,"Senior Executive, Sales Support",3150
"[{""id"":1,""category"":""Accounting / Auditing / Taxation""}]",Permanent,27/6/23,FALSE,MCF-2023-0274419,28/5/23,8/4/23,1,5,128,1,1,,Junior Executive,LINKEDCORP HR CONSULTANCY PTE. LTD.,2800,2200,Monthly,0,Closed,Accounts cum Admin Executive [East / Autocount / AP / AR],2500
"[{""id"":11,""category"":""Engineering""},{""id"":21,""category"":""Information Technology""},{""id"":25,""category"":""Manufacturing""},{""id"":31,""category"":""Purchasing / Merchandising""},{""id"":41,""category"":""Others""}]",Permanent,29/4/23,FALSE,MCF-2023-0057603,8/4/23,20/1/23,2,0,53,1,2,,Senior Executive,RECRUITFLASH PTE. LTD.,3800,2800,Monthly,0,Closed,Parts Advisor / Parts Coordinator ( Junior / Entry level ),3300
"[{""id"":24,""category"":""Logistics / Supply Chain""}]",Permanent,8/5/23,FALSE,MCF-2023-0274221,8/4/23,8/4/23,0,23,130,2,1,,Senior Executive,TALENT TRADER GROUP PTE. LTD.,4000,3000,Monthly,0,Closed,Operation Executive / Vessels / Port,3500
"[{""id"":11,""category"":""Engineering""}]",Permanent,8/6/23,FALSE,MCF-2023-0172794,9/5/23,3/3/23,2,36,744,0,1,,Fresh/entry level,ADVARIO ASIA PACIFIC PTE. LTD.,4500,3500,Monthly,0,Closed,Project Engineer,4000
"[{""id"":26,""category"":""Marketing / Public Relations""}]",Permanent,29/4/23,FALSE,MCF-2023-0274393,8/4/23,8/4/23,0,3,54,4,1,,Senior Executive,TRITON AI PTE. LTD.,5800,4000,Monthly,0,Closed,"Investor Relations, Senior Executive (Marcomms, Real Estate)",4900
"[{""id"":24,""category"":""Logistics / Supply Chain""}]",Permanent,8/5/23,FALSE,MCF-2023-0274251,8/4/23,8/4/23,0,3,40,3,1,,Junior Executive,RECRUITPEDIA PTE. LTD.,4000,3000,Monthly,0,Closed,Transportation Executive -  East / Logistics MNC,3500
"[{""id"":21,""category"":""Information Technology""}]",Contract,22/4/23,FALSE,MCF-2023-0274412,8/4/23,8/4/23,0,1,61,5,7,,Professional,TECHNOPALS PTE. LTD.,9900,5000,Monthly,0,Closed,SAP Consultant,7450
"[{""id"":21,""category"":""Information Technology""}]",Permanent,8/5/23,FALSE,MCF-2023-0274317,8/4/23,8/4/23,0,7,53,3,1,,Senior Executive,THE TALENT NETWORK PRIVATE LIMITED,5800,5500,Monthly,0,Closed,"IT Business Application System Analyst ( Project Management In-House Role ) - $ 5,800.00 + Attractive Bonuses - Central Area",5650
"[{""id"":15,""category"":""F&B""}]",Full Time,8/5/23,FALSE,MCF-2022-0779902,8/4/23,10/10/22,2,14,165,2,1,,Junior Executive,LATTERIA PTE. LTD.,3900,2800,Monthly,0,Closed,Bartender,3350
"[{""id"":11,""category"":""Engineering""},{""id"":25,""category"":""Manufacturing""}]",Permanent,8/5/23,FALSE,MCF-2023-0274039,8/4/23,8/4/23,0,1,38,5,1,,Senior Executive,RECRUITPEDIA PTE. LTD.,6500,5000,Monthly,0,Closed,Quality Specialist (F&B Manufacturing MNC),5750
"[{""id"":2,""category"":""Admin / Secretarial""},{""id"":13,""category"":""Environment / Health""}]",Full Time,8/5/23,FALSE,MCF-2023-0274206,8/4/23,8/4/23,0,2,33,2,1,,Junior Executive,RECRUITPEDIA PTE. LTD.,4300,3800,Monthly,0,Closed,"Documentation Specialist (LC, Shipping Documents) / Global MNC / Central",4050
"[{""id"":18,""category"":""Healthcare / Pharmaceutical""},{""id"":35,""category"":""Sales / Retail""}]",Temporary,8/5/23,FALSE,MCF-2023-0274066,8/4/23,8/4/23,0,0,28,2,1,,Junior Executive,RECRUITPEDIA PTE. LTD.,2300,1800,Monthly,0,Closed,Medical Sales Promoter (1 year Contract) - Attractive Remuneration Package,2050
"[{""id"":2,""category"":""Admin / Secretarial""},{""id"":10,""category"":""Education and Training""},{""id"":20,""category"":""Human Resources""},{""id"":26,""category"":""Marketing / Public Relations""},{""id"":41,""category"":""Others""}]",Contract,8/5/23,FALSE,MCF-2023-0274246,8/4/23,8/4/23,0,6,90,0,4,,Fresh/entry level,MINDFLEX EDUCATION PTE. LTD.,3500,2500,Monthly,0,Closed,IMMEDIATE HIRING Full-Time Tuition Coordinator (Fun Environment) #SGUnitedJobs,3000
"[{""id"":8,""category"":""Customer Service""},{""id"":21,""category"":""Information Technology""}]",Full Time,8/5/23,FALSE,MCF-2023-0274201,8/4/23,8/4/23,0,6,53,2,1,,Junior Executive,RECRUITPEDIA PTE. LTD.,3300,2500,Monthly,0,Closed,Customer Service Executive (Order Processing) / East / IT MNC,2900
"[{""id"":15,""category"":""F&B""}]",Full Time,22/6/23,FALSE,MCF-2023-0183483,23/5/23,8/3/23,2,3,113,2,2,,Non-executive,LATTERIA PTE. LTD.,3800,2600,Monthly,0,Closed,Chef de Partie,3200
"[{""id"":2,""category"":""Admin / Secretarial""},{""id"":8,""category"":""Customer Service""},{""id"":10,""category"":""Education and Training""},{""id"":20,""category"":""Human Resources""},{""id"":26,""category"":""Marketing / Public Relations""}]",Contract,8/5/23,FALSE,MCF-2023-0274247,8/4/23,8/4/23,0,1,43,0,4,,Fresh/entry level,MINDFLEX EDUCATION PTE. LTD.,1200,1000,Monthly,0,Closed,Operations & Marketing Intern (FUN Environment),1100
"[{""id"":2,""category"":""Admin / Secretarial""},{""id"":10,""category"":""Education and Training""},{""id"":20,""category"":""Human Resources""},{""id"":26,""category"":""Marketing / Public Relations""},{""id"":41,""category"":""Others""}]",Contract,8/5/23,FALSE,MCF-2023-0274244,8/4/23,8/4/23,0,6,78,0,4,,Fresh/entry level,MINDFLEX EDUCATION PTE. LTD.,3500,2500,Monthly,0,Closed,"IMMEDIATE HIRING Operations & Admin Executive (Education Business, Fun Environment) #SGUnitedJobs",3000
"[{""id"":28,""category"":""Personal Care / Beauty""}]",Full Time,8/5/23,FALSE,MCF-2023-0274425,8/4/23,8/4/23,0,0,36,2,2,,Non-executive,ALPHA WORLD PTE. LTD.,4000,3500,Monthly,0,Closed,Spa therapist,3750
"[{""id"":11,""category"":""Engineering""}]",Full Time,8/5/23,FALSE,MCF-2023-0274302,8/4/23,8/4/23,0,13,122,7,1,,Manager,SINGMAR ENGINEERING AND LOGISTICS PTE. LTD.,4500,4000,Monthly,0,Closed,PROJECT ENGINEER,4250
"[{""id"":15,""category"":""F&B""}]",Full Time,8/5/23,FALSE,MCF-2022-0885777,8/4/23,12/11/22,2,2,141,2,1,,Non-executive,STYLEZ PTE. LTD.,4500,2800,Monthly,0,Closed,Izakaya Chef (Japanese Cuisine),3650
"[{""id"":21,""category"":""Information Technology""}]",Full Time,21/6/23,FALSE,MCF-2023-0274259,7/6/23,8/4/23,2,1,90,3,2,,Professional,JJ CONSULTING SERVICES,7000,5000,Monthly,0,Closed,Full Stack Developer,6000
"[{""id"":15,""category"":""F&B""}]",Full Time,22/4/23,FALSE,MCF-2023-0274264,8/4/23,8/4/23,0,0,33,7,2,,Professional,SYED CAFE PTE. LTD.,5500,3200,Monthly,0,Closed,COOK,4350
"[{""id"":41,""category"":""Others""}]",Full Time,8/5/23,FALSE,MCF-2023-0274394,8/4/23,8/4/23,0,10,105,1,1,,Middle Management,FAIRFIELD METHODIST CHURCH,4500,3500,Monthly,0,Closed,PASTORAL TEAM MEMBER (PASTORAL CARE & OUTREACH),4000
"[{""id"":4,""category"":""Architecture / Interior Design""},{""id"":9,""category"":""Design""},{""id"":11,""category"":""Engineering""}]",Permanent,8/5/23,FALSE,MCF-2023-0274347,8/4/23,8/4/23,0,10,138,1,1,,Executive,COSMOS RECRUIT PTE. LTD.,5000,3000,Monthly,0,Closed,Product Designer,4000
"[{""id"":10,""category"":""Education and Training""},{""id"":41,""category"":""Others""}]",Contract,8/5/23,FALSE,MCF-2023-0274406,8/4/23,8/4/23,0,5,102,2,1,,Professional,LEARNING POINT KIDS PTE. LTD.,700,500,Monthly,0,Closed,"Secondary English Teacher (Part Time, Saturday)",600
"[{""id"":13,""category"":""Environment / Health""},{""id"":25,""category"":""Manufacturing""}]",Permanent,15/4/23,FALSE,MCF-2023-0274079,8/4/23,8/4/23,0,6,46,3,1,,Executive,RECRUITPEDIA PTE. LTD.,7000,5000,Monthly,0,Closed,HSE Engineer (Manufacturing MNC),6000
"[{""id"":21,""category"":""Information Technology""}]",Full Time,8/5/23,FALSE,MCF-2023-0274231,8/4/23,8/4/23,0,202,812,5,2,,Middle Management,OTTOMAN GAMES PTE. LTD.,12000,7500,Monthly,0,Closed,Operation Manager,9750
"[{""id"":2,""category"":""Admin / Secretarial""}]",Permanent,8/5/23,FALSE,MCF-2023-0181232,8/4/23,7/3/23,1,16,327,2,2,,Executive,TABP GROUP,5500,3500,Monthly,0,Closed,Administrative Executive,4500
"[{""id"":2,""category"":""Admin / Secretarial""}]",Permanent,8/5/23,FALSE,MCF-2023-0274216,8/4/23,8/4/23,0,4,100,2,1,,Fresh/entry level,RMZ BTS RIG SERVICES PTE. LTD.,2300,1800,Monthly,0,Closed,Admin / Accounts asst.,2050
"[{""id"":1,""category"":""Accounting / Auditing / Taxation""}]",Permanent,8/6/23,FALSE,MCF-2023-0180363,9/5/23,7/3/23,2,9,195,1,1,,Non-executive,SINGAPORE POST LIMITED,2700,2200,Monthly,0,Closed,Senior Finance Officer,2450
"[{""id"":35,""category"":""Sales / Retail""}]",Full Time,22/4/23,FALSE,MCF-2023-0274270,8/4/23,8/4/23,0,45,228,4,2,,Manager,ASHMI MINIMART PTE. LTD.,7800,5800,Monthly,0,Closed,Assistant Operations Manager,6800
"[{""id"":8,""category"":""Customer Service""},{""id"":27,""category"":""Medical / Therapy Services""},{""id"":28,""category"":""Personal Care / Beauty""},{""id"":35,""category"":""Sales / Retail""},{""id"":41,""category"":""Others""}]",Full Time,20/7/23,FALSE,MCF-2023-0274340,20/6/23,8/4/23,2,3,161,1,4,,Non-executive,CAL CONCEPT & LIFESTYLE PTE. LTD.,7500,3000,Monthly,0,Re-open,Beauty Therapist,5250
"[{""id"":35,""category"":""Sales / Retail""}]",Full Time,29/4/23,FALSE,MCF-2023-0274385,8/4/23,8/4/23,0,0,26,2,2,,Executive,HOUSE OF HUNG (PRIVATE) LIMITED,3500,2800,Monthly,0,Closed,Wedding Band Specialist,3150
"[{""id"":24,""category"":""Logistics / Supply Chain""}]",Contract,8/5/23,FALSE,MCF-2023-0274235,8/4/23,8/4/23,0,1,38,2,1,,Junior Executive,RECRUITPEDIA PTE. LTD.,3300,3000,Monthly,0,Closed,Logistics Executive - Retail Industry /Central  (1 year renewable contract),3150
"[{""id"":15,""category"":""F&B""}]",Full Time,8/5/23,FALSE,MCF-2022-0885780,8/4/23,12/11/22,2,4,154,2,2,,Manager,STYLEZ PTE. LTD.,5000,3500,Monthly,0,Closed,Assistant Service Manager@Japanese Restaurant,4250
"[{""id"":6,""category"":""Building and Construction""},{""id"":11,""category"":""Engineering""}]",Permanent,22/4/23,FALSE,MCF-2023-0274113,8/4/23,8/4/23,0,2,153,1,2,,Executive,KELLER FOUNDATIONS (S E ASIA) PTE LTD,4500,3500,Monthly,0,Closed,Site Engineer,4000
"[{""id"":11,""category"":""Engineering""}]",Permanent,8/5/23,FALSE,MCF-2023-0274047,8/4/23,8/4/23,0,2,46,5,1,,Executive,RECRUITPEDIA PTE. LTD.,5500,3500,Monthly,0,Closed,Maintenance Engineer (PLC) MNC,4500
"[{""id"":24,""category"":""Logistics / Supply Chain""},{""id"":25,""category"":""Manufacturing""}]",Permanent,8/5/23,FALSE,MCF-2023-0274034,8/4/23,8/4/23,0,10,69,0,1,,Junior Executive,RECRUITPEDIA PTE. LTD.,4000,2800,Monthly,0,Closed,Buyer (No Experience Needed) Manufacturing MNC,3400
"[{""id"":17,""category"":""General Work""},{""id"":24,""category"":""Logistics / Supply Chain""}]",Permanent,8/5/23,FALSE,MCF-2023-0274051,8/4/23,8/4/23,0,3,66,1,1,,Fresh/entry level,RECRUITPEDIA PTE. LTD.,2100,1800,Monthly,0,Closed,Warehouse Assistant - Health & Wellness MNC,1950
"[{""id"":8,""category"":""Customer Service""},{""id"":35,""category"":""Sales / Retail""}]",Permanent,15/4/23,FALSE,MCF-2023-0274075,8/4/23,8/4/23,0,0,23,1,1,,Non-executive,RECRUITPEDIA PTE. LTD.,5000,2000,Monthly,0,Closed,Senior Client Advisor (Luxury Retail MNC),3500
"[{""id"":20,""category"":""Human Resources""}]",Permanent,15/4/23,FALSE,MCF-2023-0274086,8/4/23,8/4/23,0,1,23,4,1,,Senior Executive,RECRUITPEDIA PTE. LTD.,4500,4000,Monthly,0,Closed,Senior HR Executive (Business Partnering) Alternate Saturday,4250
"[{""id"":11,""category"":""Engineering""}]",Permanent,8/5/23,FALSE,MCF-2023-0274046,8/4/23,8/4/23,0,3,50,5,1,,Executive,RECRUITPEDIA PTE. LTD.,5500,3500,Monthly,0,Closed,Maintenance Engineer (F&B Manufacturing MNC),4500
"[{""id"":1,""category"":""Accounting / Auditing / Taxation""},{""id"":2,""category"":""Admin / Secretarial""}]",Permanent,15/4/23,FALSE,MCF-2023-0274080,8/4/23,8/4/23,0,3,39,3,1,,Junior Executive,RECRUITPEDIA PTE. LTD.,2400,1800,Monthly,0,Closed,Admin & Accounts Assistant (Medical MNC),2100
"[{""id"":11,""category"":""Engineering""},{""id"":36,""category"":""Sciences / Laboratory / R&D""}]",Permanent,29/4/23,FALSE,MCF-2023-0274390,8/4/23,8/4/23,0,6,80,0,1,,Fresh/entry level,TRITON AI PTE. LTD.,2000,1600,Monthly,0,Closed,"Shift Process Technician (Jurong Island, Chemical Plant)",1800
"[{""id"":11,""category"":""Engineering""},{""id"":25,""category"":""Manufacturing""},{""id"":33,""category"":""Repair and Maintenance""},{""id"":36,""category"":""Sciences / Laboratory / R&D""}]",Permanent,8/5/23,FALSE,MCF-2023-0274397,8/4/23,8/4/23,0,19,185,3,1,,Executive,SQ4.0 PTE. LTD.,6000,3000,Monthly,0,Closed,Equipment Engineer,4500
"[{""id"":1,""category"":""Accounting / Auditing / Taxation""},{""id"":22,""category"":""Insurance""}]",Contract,8/5/23,FALSE,MCF-2023-0274070,8/4/23,8/4/23,0,7,92,2,1,,Junior Executive,RECRUITPEDIA PTE. LTD.,5500,4000,Monthly,0,Closed,Accounts Executive (AP) (Insurance MNC),4750
"[{""id"":10,""category"":""Education and Training""}]",Full Time,8/5/23,FALSE,MCF-2023-0003805,8/4/23,3/1/23,1,13,165,3,2,,Executive,CONCEPT FIRST LEARNING CENTRE PTE. LTD.,4500,3500,Monthly,0,Closed,Physics/Math Tutor,4000
"[{""id"":34,""category"":""Risk Management""}]",Full Time,15/4/23,FALSE,MCF-2023-0274072,8/4/23,8/4/23,0,3,38,3,1,,Senior Executive,RECRUITPEDIA PTE. LTD.,6000,5000,Monthly,0,Closed,Senior Risk Analyst (Commodity MNC),5500
"[{""id"":41,""category"":""Others""}]",Full Time,22/4/23,TRUE,MCF-2023-0274373,8/4/23,8/4/23,0,2,28,2,5,,Junior Executive,ACC MANAGEMENT CONSULTANCY,4900,2600,Monthly,0,Closed,Supervisor,3750
"[{""id"":8,""category"":""Customer Service""},{""id"":35,""category"":""Sales / Retail""},{""id"":42,""category"":""Wholesale Trade""}]",Full Time,8/5/23,FALSE,MCF-2023-0274011,8/4/23,8/4/23,0,5,90,4,1,,Professional,MAP ACTIVE SINGAPORE PTE. LTD.,5000,4000,Monthly,0,Closed,"Wholesales, Associate Manager",4500
"[{""id"":24,""category"":""Logistics / Supply Chain""}]",Full Time,8/5/23,FALSE,MCF-2023-0274353,8/4/23,8/4/23,0,3,96,3,1,,Manager,AVETICS GLOBAL PTE. LTD.,3500,2500,Monthly,0,Closed,Inventory Manager,3000
"[{""id"":25,""category"":""Manufacturing""}]",Full Time,8/5/23,FALSE,MCF-2023-0274344,8/4/23,8/4/23,0,1,52,2,1,,Executive,CHOP HENG LONG INTERIOR DESIGN & RENOVATION,4800,4200,Monthly,0,Closed,Carpentry supervisor,4500
"[{""id"":21,""category"":""Information Technology""}]",Permanent,8/5/23,FALSE,MCF-2023-0274021,8/4/23,8/4/23,0,28,243,1,5,,Professional,ACCELLION PTE LTD,9000,4000,Monthly,0,Closed,Front End Engineer,6500
"[{""id"":18,""category"":""Healthcare / Pharmaceutical""}]",Permanent,18/6/23,FALSE,MCF-2023-0159660,19/5/23,28/2/23,2,8,129,1,3,,Professional,ST LUKE'S HOSPITAL,4300,2500,Monthly,0,Closed,Staff Nurse (Inpatient),3400
"[{""id"":21,""category"":""Information Technology""}]",Full Time,8/5/23,FALSE,MCF-2023-0274022,8/4/23,8/4/23,0,20,251,1,4,,Professional,ACCELLION PTE LTD,11000,4000,Monthly,0,Closed,Software Engineer (Applications),7500
"[{""id"":1,""category"":""Accounting / Auditing / Taxation""},{""id"":2,""category"":""Admin / Secretarial""}]",Full Time,8/5/23,FALSE,MCF-2023-0274018,8/4/23,8/4/23,0,19,324,2,2,,Fresh/entry level,ARTHUR CONSULTING PTE. LTD.,2500,1800,Monthly,0,Closed,Accounts Assistant,2150
"[{""id"":1,""category"":""Accounting / Auditing / Taxation""},{""id"":5,""category"":""Banking and Finance""},{""id"":35,""category"":""Sales / Retail""}]",Full Time,8/5/23,FALSE,MCF-2023-0274016,8/4/23,8/4/23,0,25,258,4,1,,Professional,MAP ACTIVE SINGAPORE PTE. LTD.,6000,5000,Monthly,0,Closed,"FP&A Analyst, Associate Manager",5500
"[{""id"":21,""category"":""Information Technology""}]",Full Time,8/5/23,FALSE,MCF-2023-0274019,8/4/23,8/4/23,0,13,165,3,3,,Professional,ACCELLION PTE LTD,12000,6000,Monthly,0,Closed,Senior Web Developer,9000
"[{""id"":15,""category"":""F&B""},{""id"":16,""category"":""General Management""}]",Full Time,8/5/23,FALSE,MCF-2023-0274423,8/4/23,8/4/23,0,3,72,2,4,,Executive,TACHIHARA SINGAPORE PTE. LTD.,3600,2500,Monthly,0,Closed,MANAGEMENT TRAINEE,3050
"[{""id"":16,""category"":""General Management""}]",Permanent,8/5/23,FALSE,MCF-2023-0274003,8/4/23,8/4/23,0,12,91,5,1,,Manager,TRITON AI PTE. LTD.,11000,9000,Monthly,0,Closed,Project Manager (SAFem / CSM),10000
"[{""id"":11,""category"":""Engineering""},{""id"":25,""category"":""Manufacturing""}]",Permanent,8/5/23,FALSE,MCF-2023-0274416,8/4/23,8/4/23,0,5,76,3,4,,Senior Executive,TRUST RECRUIT PTE. LTD.,4000,3500,Monthly,0,Closed,Quality Executive (East/ Manufacturing/ Pharmaceutical/ Electronic Semicon) Up to 4K CSY,3750
"[{""id"":20,""category"":""Human Resources""}]",Permanent,15/4/23,FALSE,MCF-2023-0274106,8/4/23,8/4/23,0,10,78,5,1,,Manager,RECRUITPEDIA PTE. LTD.,6800,5500,Monthly,0,Closed,Assistant HR Manager (Timesoft) / Global MNC / West,6150
"[{""id"":21,""category"":""Information Technology""}]",Full Time,11/6/23,FALSE,MCF-2023-0274020,12/5/23,8/4/23,1,7,189,1,1,,Professional,ACCELLION PTE LTD,8000,4000,Monthly,0,Closed,DevOps Engineer,6000
"[{""id"":2,""category"":""Admin / Secretarial""}]",Permanent,8/5/23,FALSE,MCF-2023-0061640,8/4/23,25/1/23,2,20,420,2,1,,Junior Executive,SINGAPORE POST LIMITED,3500,2800,Monthly,0,Closed,"Executive, Sales Account Servicing",3150
"[{""id"":11,""category"":""Engineering""},{""id"":24,""category"":""Logistics / Supply Chain""}]",Permanent,29/4/23,FALSE,MCF-2023-0274381,8/4/23,8/4/23,0,7,64,5,1,,Senior Executive,TRITON AI PTE. LTD.,6100,5000,Monthly,0,Closed,"Senior Procurement Engineer, Direct (Chemical Manufacturing Plant)",5550
"[{""id"":3,""category"":""Advertising / Media""},{""id"":14,""category"":""Events / Promotions""},{""id"":18,""category"":""Healthcare / Pharmaceutical""}]",Permanent,8/5/23,FALSE,MCF-2023-0162993,8/4/23,1/3/23,1,36,394,5,1,,Manager,ST LUKE'S HOSPITAL,8000,5000,Monthly,0,Closed,"Manager, Fundraising & Volunteer Management",6500
"[{""id"":8,""category"":""Customer Service""},{""id"":15,""category"":""F&B""},{""id"":19,""category"":""Hospitality""}]",Full Time,8/5/23,FALSE,MCF-2023-0274421,8/4/23,8/4/23,0,7,59,3,2,,Senior Executive,BAYS CONNECTIONS PTE. LTD.,4500,3000,Monthly,0,Closed,Assistant Manager,3750
"[{""id"":25,""category"":""Manufacturing""},{""id"":35,""category"":""Sales / Retail""}]",Permanent,9/5/23,FALSE,MCF-2023-0274310,2/5/23,8/4/23,2,7,61,1,1,,Junior Executive,ATOMRECRUIT PTE. LTD.,5000,4000,Monthly,0,Closed,Sale Executive (Serve existing Customers),4500
"[{""id"":2,""category"":""Admin / Secretarial""},{""id"":8,""category"":""Customer Service""}]",Contract,8/5/23,FALSE,MCF-2023-0274276,8/4/23,8/4/23,0,3,48,1,1,,Junior Executive,STAFFLINK SERVICES PRIVATE LIMITED,2800,2000,Monthly,0,Closed,Sales Coordinator (contract to cover maternity),2400
"[{""id"":15,""category"":""F&B""}]",Full Time,8/5/23,TRUE,MCF-2023-0274254,8/4/23,8/4/23,0,1,48,5,3,,Executive,ORIENTAL EMPLOYMENT PTE. LTD.,4600,3000,Monthly,0,Closed,Operation Supervisor,3800
"[{""id"":2,""category"":""Admin / Secretarial""}]",Permanent,8/5/23,FALSE,MCF-2023-0274238,8/4/23,8/4/23,0,2,41,5,1,,Executive,RECRUITPEDIA PTE. LTD.,6000,4000,Monthly,0,Closed,Executive Assistant - Newsletter / Manufacturing MNC ( West ),5000
"[{""id"":31,""category"":""Purchasing / Merchandising""}]",Contract,8/5/23,FALSE,MCF-2023-0274404,8/4/23,8/4/23,0,2,27,1,4,,Junior Executive,TRUST RECRUIT PTE. LTD.,3100,2500,Monthly,0,Closed,Purchasing Officer (West/ 2 year contract/ SAP/ Oracle) Up to 3.1K + AWS + VB CSY,2800
"[{""id"":12,""category"":""Entertainment""},{""id"":15,""category"":""F&B""}]",Full Time,29/4/23,FALSE,MCF-2023-0274329,8/4/23,8/4/23,0,3,79,10,1,,Fresh/entry level,TIN BOX GROUP SINGAPORE PTE. LTD.,7000,5000,Monthly,0,Closed,PERFORMING ARTISTE,6000
"[{""id"":21,""category"":""Information Technology""}]",Full Time,8/5/23,FALSE,MCF-2023-0274213,8/4/23,8/4/23,0,2,39,5,1,,Professional,RECRUITPEDIA PTE. LTD.,8500,5500,Monthly,0,Closed,Regional Network Engineer (CCNP) / West / Global MNC,7000
"[{""id"":4,""category"":""Architecture / Interior Design""}]",Full Time,8/5/23,FALSE,MCF-2023-0274205,8/4/23,8/4/23,0,3,89,3,2,,Middle Management,REGIMEN PROJECT MASTER PTE. LTD.,5000,3000,Monthly,0,Closed,ARCHITECTURE INTERIOR DESIGNER,4000
"[{""id"":20,""category"":""Human Resources""}]",Permanent,8/5/23,FALSE,MCF-2023-0274243,8/4/23,8/4/23,0,6,51,6,1,,Manager,RECRUITPEDIA PTE. LTD.,9000,8500,Monthly,0,Closed,Senior Compensation & Benefits Manager - North,8750
"[{""id"":8,""category"":""Customer Service""}]",Permanent,8/5/23,FALSE,MCF-2023-0274320,8/4/23,8/4/23,0,9,76,1,3,,Junior Executive,THE TALENT NETWORK PRIVATE LIMITED,2800,2600,Monthly,0,Closed,"Customer Service Officer ( Face To Face ) - Up To $ 2,800.00 / MNC/ Central Area, 4 Days Work Week (Include Weekend), Office Hour",2700
"[{""id"":41,""category"":""Others""}]",Full Time,8/5/23,TRUE,MCF-2023-0274278,8/4/23,8/4/23,0,6,88,3,3,,Manager,BOSEN HR PTE. LTD.,7500,3800,Monthly,0,Closed,Area Manager,5650
"[{""id"":8,""category"":""Customer Service""},{""id"":11,""category"":""Engineering""},{""id"":35,""category"":""Sales / Retail""}]",Permanent,29/4/23,FALSE,MCF-2023-0274286,8/4/23,8/4/23,0,8,101,2,1,,Junior Executive,CE-TEST & MEASUREMENT (S) PTE. LTD.,4000,3000,Monthly,0,Closed,"Inside Sales Support Engineer, Calibration Services",3500
"[{""id"":8,""category"":""Customer Service""},{""id"":35,""category"":""Sales / Retail""}]",Part Time,8/5/23,FALSE,MCF-2023-0061491,8/4/23,25/1/23,1,22,423,1,2,,Fresh/entry level,TINTIN SINGAPORE PTE. LTD.,2300,2000,Monthly,0,Closed,Retail assistant,2150
"[{""id"":11,""category"":""Engineering""}]",Permanent,8/6/23,FALSE,MCF-2023-0274403,9/5/23,8/4/23,1,14,179,1,2,,Non-executive,SINGAPORE POST LIMITED,3400,2500,Monthly,0,Closed,"Associate Engineer, Engineering Maintenance",2950
"[{""id"":2,""category"":""Admin / Secretarial""}]",Full Time,20/6/23,FALSE,MCF-2023-0155948,21/5/23,27/2/23,2,28,474,1,1,,Non-executive,HYGIEIA WAREWASHING PTE. LTD.,2300,1800,Monthly,0,Closed,HR and Administrative assistant,2050
"[{""id"":15,""category"":""F&B""}]",Full Time,22/4/23,TRUE,MCF-2023-0274392,8/4/23,8/4/23,0,1,33,3,1,,Executive,BALI EMPLOYMENT AGENCY,3900,2500,Monthly,0,Closed,Chef,3200
"[{""id"":6,""category"":""Building and Construction""}]",Full Time,8/5/23,FALSE,MCF-2023-0274281,8/4/23,8/4/23,0,4,167,0,1,,Executive,GREEN KRAFT PTE. LTD.,4500,2800,Monthly,0,Closed,ELECTRICAL ENGINEER,3650
"[{""id"":11,""category"":""Engineering""},{""id"":25,""category"":""Manufacturing""}]",Permanent,5/5/23,FALSE,MCF-2023-0274311,28/4/23,8/4/23,2,8,115,0,4,,Fresh/entry level,ATOMRECRUIT PTE. LTD.,3300,2900,Monthly,0,Closed,"Service Engineer (Fresh/No experience welcome, $3300 Up)",3100
"[{""id"":17,""category"":""General Work""}]",Contract,22/4/23,TRUE,MCF-2023-0274228,8/4/23,8/4/23,0,0,20,5,1,,Professional,DING FENG INFORMATION SERVICES PTE. LTD.,4600,3000,Monthly,0,Closed,SENIOR SUPERVISOR,3800
"[{""id"":15,""category"":""F&B""}]",Permanent,8/5/23,FALSE,MCF-2023-0274277,8/4/23,8/4/23,0,0,26,1,1,,Non-executive,STAFFLINK SERVICES PRIVATE LIMITED,2800,2300,Monthly,0,Closed,Chef De Partie / (Western Food),2550
"[{""id"":4,""category"":""Architecture / Interior Design""}]",Full Time,8/6/23,FALSE,MCF-2023-0181482,9/5/23,7/3/23,2,37,378,2,1,,Senior Management,OCTAGON GLOBAL PTE. LTD.,8500,7300,Monthly,0,Closed,Director of Interior Design,7900
"[{""id"":26,""category"":""Marketing / Public Relations""}]",Permanent,8/5/23,FALSE,MCF-2023-0274315,8/4/23,8/4/23,0,4,55,5,1,,Manager,THE TALENT NETWORK PRIVATE LIMITED,5500,5000,Monthly,0,Closed,"Assistant Marketing Manager ( Luxury Lifestyle Retail ) - $ 5,500.00 + Attractive Bonuses / MNC / Central Area",5250
"[{""id"":1,""category"":""Accounting / Auditing / Taxation""}]",Permanent,8/5/23,FALSE,MCF-2023-0274236,8/4/23,8/4/23,0,1,40,4,1,,Senior Executive,RECRUITPEDIA PTE. LTD.,7200,6000,Monthly,0,Closed,Senior Accountant - 1 year contract / West / Open for Auditor,6600
"[{""id"":6,""category"":""Building and Construction""},{""id"":32,""category"":""Real Estate / Property Management""},{""id"":33,""category"":""Repair and Maintenance""}]",Permanent,8/5/23,FALSE,MCF-2022-0899581,8/4/23,17/11/22,2,10,311,5,1,,Non-executive,SINGAPORE POST LIMITED,3300,2800,Monthly,0,Closed,Project Coordinator,3050
"[{""id"":24,""category"":""Logistics / Supply Chain""},{""id"":35,""category"":""Sales / Retail""}]",Full Time,8/5/23,FALSE,MCF-2023-0274200,8/4/23,8/4/23,0,4,41,3,1,,Manager,RECRUITPEDIA PTE. LTD.,9000,5000,Monthly,0,Closed,Business Development Manager (Logistics) / Global MNC / East,7000
"[{""id"":16,""category"":""General Management""}]",Full Time,8/5/23,FALSE,MCF-2023-0274331,8/4/23,8/4/23,0,48,383,5,3,,Senior Management,DOITWELL PTE. LTD.,20000,13000,Monthly,0,Closed,Senior Operation Manager,16500
"[{""id"":11,""category"":""Engineering""}]",Permanent,8/5/23,FALSE,MCF-2023-0274426,8/4/23,8/4/23,0,3,44,3,3,,Junior Executive,TRUST RECRUIT PTE. LTD.,3800,2500,Monthly,0,Closed,Senior Technical Service Engineer (West/ Overseas exposure/ X-ray/ XRF/ Scanner) CSY),3150
"[{""id"":24,""category"":""Logistics / Supply Chain""}]",Full Time,8/5/23,FALSE,MCF-2023-0274198,8/4/23,8/4/23,0,5,45,5,1,,Manager,RECRUITPEDIA PTE. LTD.,8500,5500,Monthly,0,Closed,Commercial Manager (Seafreight) / Global MNC / East,7000
"[{""id"":28,""category"":""Personal Care / Beauty""}]",Part Time,8/5/23,FALSE,MCF-2022-0833937,8/4/23,27/10/22,1,1,90,2,5,,Fresh/entry level,BEAUTY VALLEY PTE. LTD.,5000,2800,Monthly,0,Closed,Beautician (Chinatown/Full-time/Part-time) Occupation Beautician,3900
"[{""id"":2,""category"":""Admin / Secretarial""}]",Permanent,8/5/23,FALSE,MCF-2023-0274319,8/4/23,8/4/23,0,21,155,1,4,,Junior Executive,THE TALENT NETWORK PRIVATE LIMITED,2500,2300,Monthly,0,Closed,"Admin Officer / Admin Assistant / Administrative - $ 2,500.00 / East Area",2400
"[{""id"":15,""category"":""F&B""}]",Full Time,22/4/23,FALSE,MCF-2023-0274266,8/4/23,8/4/23,0,31,187,4,2,,Middle Management,ASHMI (S) PTE LTD,7800,5800,Monthly,0,Closed,Assistant Operation Manager,6800
"[{""id"":24,""category"":""Logistics / Supply Chain""}]",Full Time,8/5/23,FALSE,MCF-2022-0885528,8/4/23,12/11/22,1,2,191,2,1,,Non-executive,GATEWAY ES PTE. LTD.,4500,3000,Monthly,0,Closed,Delivery Driver (Class 4),3750
"[{""id"":15,""category"":""F&B""}]",Full Time,8/5/23,FALSE,MCF-2023-0186128,8/4/23,8/3/23,1,4,130,1,2,,Non-executive,STYLEZ PTE. LTD.,4500,3000,Monthly,0,Closed,Sushi Chef,3750
"[{""id"":11,""category"":""Engineering""}]",Permanent,8/5/23,FALSE,MCF-2023-0274282,8/4/23,8/4/23,0,1,51,3,1,,Senior Executive,STAFFLINK SERVICES PRIVATE LIMITED,5000,4500,Monthly,0,Closed,Senior Process Engineer (PCB),4750
"[{""id"":1,""category"":""Accounting / Auditing / Taxation""}]",Permanent,29/4/23,FALSE,MCF-2023-0274386,8/4/23,8/4/23,0,4,42,2,1,,Executive,TRITON AI PTE. LTD.,4000,3000,Monthly,0,Closed,"Credit Control Executive (Marine Supply, STS, Tuas)",3500
"[{""id"":8,""category"":""Customer Service""},{""id"":35,""category"":""Sales / Retail""},{""id"":41,""category"":""Others""}]",Contract,8/5/23,TRUE,MCF-2023-0274395,8/4/23,8/4/23,0,1,105,0,10,,Non-executive,METRO (PRIVATE) LIMITED,1900,1610,Monthly,0,Closed,Retail Sales Assistant (Full Time),1755
"[{""id"":2,""category"":""Admin / Secretarial""},{""id"":8,""category"":""Customer Service""},{""id"":16,""category"":""General Management""},{""id"":17,""category"":""General Work""},{""id"":42,""category"":""Wholesale Trade""}]",Part Time,8/5/23,FALSE,MCF-2023-0274295,8/4/23,8/4/23,0,18,198,2,1,,Junior Executive,SQ IMAGE (S) PTE LTD,3000,2000,Monthly,0,Closed,Administrator,2500
"[{""id"":25,""category"":""Manufacturing""}]",Full Time,22/4/23,TRUE,MCF-2023-0274271,8/4/23,8/4/23,0,7,74,3,2,,Executive,RAFFLES EMPLOYMENT PTE. LTD.,11000,10000,Monthly,0,Closed,CONSULTANT,10500
"[{""id"":2,""category"":""Admin / Secretarial""}]",Full Time,29/4/23,FALSE,MCF-2023-0274389,8/4/23,8/4/23,0,22,292,1,1,,Executive,HOUSE OF HUNG (PRIVATE) LIMITED,3300,2800,Monthly,0,Closed,Admin Assistant,3050
"[{""id"":6,""category"":""Building and Construction""}]",Full Time,8/5/23,FALSE,MCF-2023-0103121,8/4/23,8/2/23,1,28,320,4,1,,Manager,STAR GREEN ENGINEERING & LANDSCAPE PTE. LTD.,3500,3000,Monthly,0,Closed,Class 3 Driver cum Site Supervisor,3250
"[{""id"":2,""category"":""Admin / Secretarial""},{""id"":20,""category"":""Human Resources""}]",Permanent,15/4/23,FALSE,MCF-2023-0274077,8/4/23,8/4/23,0,1,43,4,1,,Senior Executive,RECRUITPEDIA PTE. LTD.,4500,3500,Monthly,0,Closed,HR & Admin Executive (Full Spectrum HR),4000
"[{""id"":6,""category"":""Building and Construction""}]",Full Time,8/5/23,FALSE,MCF-2023-0274306,8/4/23,8/4/23,0,1,144,3,1,,Professional,KAO LEE ALUMINIUM INDUSTRIAL PTE. LTD.,4000,2600,Monthly,0,Closed,Quantity Surveyor,3300
"[{""id"":1,""category"":""Accounting / Auditing / Taxation""},{""id"":5,""category"":""Banking and Finance""}]",Permanent,8/5/23,FALSE,MCF-2023-0273989,8/4/23,8/4/23,0,14,144,3,1,,Senior Executive,TRUST RECRUIT PTE. LTD.,6500,5000,Monthly,0,Closed,"Urgent Hiring!!! Project Finance Controller (PMO, Budget Control, Forecast)",5750
"[{""id"":1,""category"":""Accounting / Auditing / Taxation""}]",Contract,15/4/23,FALSE,MCF-2023-0274095,8/4/23,8/4/23,0,3,58,1,1,,Executive,RECRUITPEDIA PTE. LTD.,4000,3000,Monthly,0,Closed,Accounts Executive (AR) / FMCG / 1 year contract,3500
"[{""id"":15,""category"":""F&B""}]",Part Time,19/6/23,FALSE,MCF-2023-0274414,20/5/23,8/4/23,1,7,181,1,10,,Non-executive,TACHIHARA SINGAPORE PTE. LTD.,2800,2000,Monthly,0,Closed,BAKERY CAFE SALES ASSISTANT,2400
"[{""id"":8,""category"":""Customer Service""},{""id"":22,""category"":""Insurance""},{""id"":39,""category"":""Telecommunications""}]",Permanent,15/4/23,FALSE,MCF-2023-0274096,8/4/23,8/4/23,0,2,33,2,2,,Junior Executive,RECRUITPEDIA PTE. LTD.,2900,2000,Monthly,0,Closed,Call Centre Officer (2 year renewable contract) / Insurance MNC,2450
"[{""id"":11,""category"":""Engineering""},{""id"":21,""category"":""Information Technology""},{""id"":25,""category"":""Manufacturing""},{""id"":31,""category"":""Purchasing / Merchandising""},{""id"":41,""category"":""Others""}]",Permanent,22/4/23,FALSE,MCF-2023-0165022,8/4/23,1/3/23,2,3,45,1,2,,Senior Executive,RECRUITFLASH PTE. LTD.,5000,3000,Monthly,0,Closed,MNC Electrical Engineer / SCADA systems /System Integration / installation & Testing / Electrical/( Junior / Entry level / Senior ) X3 Opening,4000
"[{""id"":15,""category"":""F&B""}]",Full Time,8/5/23,FALSE,MCF-2022-0935951,8/4/23,29/11/22,2,2,155,1,2,,Non-executive,STYLEZ PTE. LTD.,4000,2800,Monthly,0,Closed,Service Crew @ Japanese Restaurant,3400
"[{""id"":7,""category"":""Consulting""},{""id"":21,""category"":""Information Technology""},{""id"":35,""category"":""Sales / Retail""}]",Permanent,8/5/23,FALSE,MCF-2023-0274006,8/4/23,8/4/23,0,3,55,2,2,,Senior Executive,TRUST RECRUIT PTE. LTD.,6000,5000,Monthly,0,Closed,URGENT!!! Pre-Sales Consultant (Cyber Security / CISSP / Perm / 5 days) - DS,5500
"[{""id"":18,""category"":""Healthcare / Pharmaceutical""}]",Permanent,8/5/23,FALSE,MCF-2023-0274322,8/4/23,8/4/23,0,0,34,3,1,,Professional,THE TALENT NETWORK PRIVATE LIMITED,5000,4800,Monthly,0,Closed,"Occupational Therapist ( Welfare Organisation) - Up to $ 5,000.00 + AWS + VB / Island-wide area - 2 openings",4900
"[{""id"":24,""category"":""Logistics / Supply Chain""}]",Permanent,8/5/23,FALSE,MCF-2022-0981123,8/4/23,14/12/22,1,52,480,1,1,,Non-executive,BAWANGCHAJI (S) PTE. LTD.,3300,2600,Monthly,0,Closed,Personal / Operations Driver,2950
"[{""id"":21,""category"":""Information Technology""}]",Permanent,8/5/23,FALSE,MCF-2023-0274008,8/4/23,8/4/23,0,2,45,3,2,,Executive,TRUST RECRUIT PTE. LTD.,6000,5000,Monthly,0,Closed,"Server Engineer (Server Administration, Server Health, Backup, East, $6K) - DS",5500
"[{""id"":41,""category"":""Others""}]",Full Time,8/5/23,FALSE,MCF-2023-0274379,8/4/23,8/4/23,0,4,73,1,1,,Middle Management,FAIRFIELD METHODIST CHURCH,4500,3500,Monthly,0,Closed,PASTORAL TEAM MEMBER (PASTORAL CARE),4000
"[{""id"":6,""category"":""Building and Construction""}]",Full Time,8/5/23,FALSE,MCF-2023-0081376,8/4/23,1/2/23,1,8,160,3,1,,Executive,KAO LEE ALUMINIUM INDUSTRIAL PTE. LTD.,3600,2600,Monthly,0,Closed,Project Coordinator,3100
"[{""id"":35,""category"":""Sales / Retail""}]",Permanent,15/4/23,FALSE,MCF-2023-0274108,8/4/23,8/4/23,0,1,35,3,1,,Senior Executive,RECRUITPEDIA PTE. LTD.,3800,3000,Monthly,0,Closed,Store Supervisor / Retail MNC / Central,3400
"[{""id"":1,""category"":""Accounting / Auditing / Taxation""}]",Full Time,8/5/23,FALSE,MCF-2023-0274288,8/4/23,8/4/23,0,17,222,5,1,,Middle Management,OISHI MANUFACTURING PTE. LTD.,4500,3500,Monthly,0,Closed,Snr Accountant,4000
"[{""id"":38,""category"":""Social Services""}]",Permanent,8/5/23,FALSE,MCF-2023-0058025,8/4/23,21/1/23,2,31,515,1,2,,Non-executive,PERTAPIS Education and Welfare Centre,2800,2400,Monthly,0,Closed,Social Worker/ Case Manager (PCWG),2600
"[{""id"":11,""category"":""Engineering""}]",Permanent,8/5/23,FALSE,MCF-2023-0274290,8/4/23,8/4/23,0,8,187,3,3,,Junior Executive,WSP CONSULTANCY PTE. LTD.,6000,3500,Monthly,0,Closed,Senior BIM Modeler/ BIM Coordinator (Architectural),4750
"[{""id"":15,""category"":""F&B""}]",Full Time,22/4/23,TRUE,MCF-2023-0274009,8/4/23,8/4/23,0,0,68,5,1,,Executive,NIKITHA CONSULTANCY,4500,3500,Monthly,0,Closed,Cook (Food Services),4000
"[{""id"":15,""category"":""F&B""}]",Full Time,8/5/23,TRUE,MCF-2023-0274005,8/4/23,8/4/23,0,0,39,5,4,,Professional,BRIGHT VISION CAREER CONSULTANT,8500,6500,Monthly,0,Closed,Senior Cook,7500
"[{""id"":6,""category"":""Building and Construction""}]",Permanent,8/5/23,FALSE,MCF-2023-0274027,8/4/23,8/4/23,0,0,150,5,1,,Professional,BENCHMARK STAFFING SOLUTIONS,5000,3500,Monthly,0,Closed,Civil Engineer,4250
"[{""id"":24,""category"":""Logistics / Supply Chain""}]",Full Time,8/5/23,FALSE,MCF-2023-0274015,8/4/23,8/4/23,0,1,60,0,2,,Executive,DECLARATORS PTE. LTD.,3000,2300,Monthly,0,Closed,Logistics Executive (Night Shift),2650
"[{""id"":11,""category"":""Engineering""}]",Permanent,8/5/23,FALSE,MCF-2023-0274023,8/4/23,8/4/23,0,20,204,5,1,,Professional,BENCHMARK STAFFING SOLUTIONS,12000,6000,Monthly,0,Closed,Senior Electrical / Mechanical Engineer,9000
"[{""id"":24,""category"":""Logistics / Supply Chain""}]",Full Time,8/5/23,FALSE,MCF-2023-0274014,8/4/23,8/4/23,0,3,77,0,2,,Executive,DECLARATORS PTE. LTD.,3000,2300,Monthly,0,Closed,Logistics Executive,2650
"[{""id"":1,""category"":""Accounting / Auditing / Taxation""}]",Full Time,8/5/23,FALSE,MCF-2023-0274013,8/4/23,8/4/23,0,2,59,0,2,,Executive,DECLARATORS PTE. LTD.,3000,2300,Monthly,0,Closed,HR & Accounts Executive,2650
"[{""id"":18,""category"":""Healthcare / Pharmaceutical""}]",Permanent,8/5/23,FALSE,MCF-2023-0274226,8/4/23,8/4/23,0,0,43,1,1,,Non-executive,TALENT TRADER GROUP PTE. LTD.,4000,3000,Monthly,0,Closed,Optometrist / Central,3500
"[{""id"":21,""category"":""Information Technology""}]",Permanent,8/5/23,FALSE,MCF-2023-0274002,8/4/23,8/4/23,0,2,89,3,1,,Executive,TRUST RECRUIT PTE. LTD.,6000,4500,Monthly,0,Closed,"Urgent !!! Cloud Engineer (Azure, GCP, Database, IaC, Up to $6K)",5250
"[{""id"":35,""category"":""Sales / Retail""}]",Permanent,15/4/23,FALSE,MCF-2023-0274255,8/4/23,8/4/23,0,0,18,0,1,,Fresh/entry level,RECRUITPEDIA PTE. LTD.,3500,2200,Monthly,0,Closed,"Medical Sales Consultant - 5.5days / Alt Saturday/ No Experience Required, Training Provided",2850
"[{""id"":21,""category"":""Information Technology""}]",Permanent,8/5/23,FALSE,MCF-2023-0274010,8/4/23,8/4/23,0,2,86,7,1,,Executive,TRUST RECRUIT PTE. LTD.,8000,6000,Monthly,0,Closed,"URGENT!!! Site Reliability Engineer (GCP, AWS, Azure)",7000
"[{""id"":11,""category"":""Engineering""}]",Permanent,8/5/23,FALSE,MCF-2023-0274387,8/4/23,8/4/23,0,1,38,1,1,,Executive,PEOPLE PROFILERS PTE. LTD.,6500,4000,Monthly,0,Closed,FIELD APPLICATION ENGINEER (FPGA - Field-programmable gate array),5250
"[{""id"":21,""category"":""Information Technology""}]",Permanent,8/5/23,FALSE,MCF-2023-0274004,8/4/23,8/4/23,0,5,54,4,1,,Professional,TRUST RECRUIT PTE. LTD.,12000,8000,Monthly,0,Closed,"URGENT!!! Pre-Sales Solution Architect (Azure, Cloud, Sentinel, LDAP)",10000
"[{""id"":8,""category"":""Customer Service""},{""id"":15,""category"":""F&B""},{""id"":35,""category"":""Sales / Retail""}]",Part Time,15/6/23,FALSE,MCF-2023-0182344,16/5/23,7/3/23,2,19,557,0,5,,Non-executive,BAWANGCHAJI (S) PTE. LTD.,2800,2100,Monthly,0,Closed,Premium Milk Tea Barista,2450
"[{""id"":21,""category"":""Information Technology""}]",Contract,22/4/23,FALSE,MCF-2023-0274415,8/4/23,8/4/23,0,11,126,7,7,,Professional,TECHNOPALS PTE. LTD.,12750,6500,Monthly,0,Closed,SAP MM Consultant,9625
"[{""id"":4,""category"":""Architecture / Interior Design""},{""id"":29,""category"":""Professional Services""}]",Full Time,8/5/23,FALSE,MCF-2023-0274012,8/4/23,8/4/23,0,5,154,3,2,,Executive,ARCHITECTURE X,7000,3500,Monthly,0,Closed,Architect,5250
"[{""id"":6,""category"":""Building and Construction""}]",Permanent,8/5/23,FALSE,MCF-2023-0274025,8/4/23,8/4/23,0,17,191,7,1,,Manager,BENCHMARK STAFFING SOLUTIONS,14000,7000,Monthly,0,Closed,Business Development Manager,10500
"[{""id"":15,""category"":""F&B""}]",Full Time,8/5/23,TRUE,MCF-2023-0274007,8/4/23,8/4/23,0,7,73,5,4,,Professional,BRIGHT VISION CAREER CONSULTANT,8500,6500,Monthly,0,Closed,Head Chef,7500
"[{""id"":4,""category"":""Architecture / Interior Design""}]",Full Time,8/5/23,FALSE,MCF-2023-0274017,8/4/23,8/4/23,0,1,76,3,2,,Executive,ARCHITECTURE X,7500,3500,Monthly,0,Closed,Architectural Executive,5500
"[{""id"":15,""category"":""F&B""}]",Part Time,22/4/23,FALSE,MCF-2023-0274001,8/4/23,8/4/23,0,7,210,1,2,,Non-executive,SAVORNANA PTE. LTD.,3000,2200,Monthly,0,Closed,Barista / Service crew,2600
"[{""id"":1,""category"":""Accounting / Auditing / Taxation""}]",Permanent,8/5/23,FALSE,MCF-2023-0274287,8/4/23,8/4/23,0,7,199,3,1,,Senior Executive,MSC CONSULTING (S) PTE. LTD.,4500,4000,Monthly,0,Closed,Account Executive,4250
"[{""id"":6,""category"":""Building and Construction""}]",Full Time,8/5/23,FALSE,MCF-2023-0274250,8/4/23,8/4/23,0,116,665,2,1,,Executive,MAXX ENGINEERING PTE. LTD.,4000,2500,Monthly,0,Closed,Safety Coordinator,3250
"[{""id"":11,""category"":""Engineering""},{""id"":21,""category"":""Information Technology""},{""id"":25,""category"":""Manufacturing""},{""id"":31,""category"":""Purchasing / Merchandising""},{""id"":41,""category"":""Others""}]",Permanent,22/4/23,FALSE,MCF-2023-0165046,8/4/23,1/3/23,2,2,61,1,2,,Senior Executive,RECRUITFLASH PTE. LTD.,8000,5000,Monthly,0,Closed,"Software Engineer / C#, C++, VB.net ASP.net / mobile application development",6500
"[{""id"":1,""category"":""Accounting / Auditing / Taxation""}]",Permanent,8/5/23,FALSE,MCF-2023-0274408,8/4/23,8/4/23,0,2,80,2,3,,Junior Executive,TRUST RECRUIT PTE. LTD.,3500,3000,Monthly,0,Closed,Account Executive (Central/ AR/ AP/ GST/ SAP) Up to 3.5K + AWS + VB CSY,3250
"[{""id"":16,""category"":""General Management""},{""id"":18,""category"":""Healthcare / Pharmaceutical""},{""id"":20,""category"":""Human Resources""}]",Permanent,8/5/23,FALSE,MCF-2023-0274283,8/4/23,8/4/23,0,16,235,10,1,,Senior Management,ST LUKE'S HOSPITAL,10000,7000,Monthly,0,Closed,Deputy Director (Rehabilitation Services),8500
"[{""id"":2,""category"":""Admin / Secretarial""}]",Permanent,8/5/23,FALSE,MCF-2023-0274232,8/4/23,8/4/23,0,1,58,2,2,,Executive,TALENT TRADER GROUP PTE. LTD.,3000,2500,Monthly,0,Closed,Admin Associate / Executive,2750
"[{""id"":8,""category"":""Customer Service""},{""id"":16,""category"":""General Management""},{""id"":24,""category"":""Logistics / Supply Chain""},{""id"":25,""category"":""Manufacturing""},{""id"":41,""category"":""Others""}]",Permanent,22/4/23,FALSE,MCF-2023-0165074,8/4/23,1/3/23,2,1,43,1,2,,Junior Executive,RECRUITFLASH PTE. LTD.,3800,2800,Monthly,0,Closed,Warehouse Assistant/ Warehouse Logistic / Senior Supervisor ( Junior / Entry Level /Senior X3 ),3300
"[{""id"":2,""category"":""Admin / Secretarial""}]",Part Time,8/5/23,FALSE,MCF-2023-0040383,8/4/23,15/1/23,2,91,1016,1,1,,Non-executive,I-CONSULT TECH PTE. LTD.,10,8,Monthly,0,Closed,Part-Time Project / Sales Admin Officer,9
"[{""id"":11,""category"":""Engineering""}]",Permanent,8/6/23,FALSE,MCF-2023-0274409,9/5/23,8/4/23,1,29,253,3,1,,Junior Executive,SINGAPORE POST LIMITED,3700,2500,Monthly,0,Closed,"Associate Engineer, Technology Development",3100
"[{""id"":7,""category"":""Consulting""},{""id"":8,""category"":""Customer Service""},{""id"":9,""category"":""Design""},{""id"":11,""category"":""Engineering""},{""id"":16,""category"":""General Management""}]",Full Time,22/4/23,TRUE,MCF-2023-0274297,8/4/23,8/4/23,0,2,74,3,1,,Manager,MITRAA AGENCIES PTE. LTD.,5400,3400,Monthly,0,Closed,Technical Support Engineer,4400
"[{""id"":11,""category"":""Engineering""}]",Permanent,8/5/23,FALSE,MCF-2023-0274480,8/4/23,8/4/23,0,2,71,0,3,,Fresh/entry level,TRUST RECRUIT PTE. LTD.,3500,2500,Monthly,0,Closed,Product Design Engineer (East/ Training Provided/ AutoCad/ 3D/ Electrical Design) Up to 3.5K + AWS + VB CSY,3000
"[{""id"":20,""category"":""Human Resources""}]",Permanent,8/5/23,FALSE,MCF-2023-0274318,8/4/23,8/4/23,0,3,51,5,1,,Manager,THE TALENT NETWORK PRIVATE LIMITED,7000,6500,Monthly,0,Closed,"HR Manager , Com & Ben / Performance & Rewards - $ 7,000.00 + AWS + Bonuses / Central Area",6750
"[{""id"":21,""category"":""Information Technology""}]",Contract,22/4/23,FALSE,MCF-2023-0274405,8/4/23,8/4/23,0,23,144,5,7,,Professional,TECHNOPALS PTE. LTD.,9750,5000,Monthly,0,Closed,Senior Product Designer,7375
"[{""id"":8,""category"":""Customer Service""},{""id"":24,""category"":""Logistics / Supply Chain""}]",Full Time,8/5/23,FALSE,MCF-2023-0274211,8/4/23,8/4/23,0,4,36,2,1,,Junior Executive,RECRUITPEDIA PTE. LTD.,4300,3300,Monthly,0,Closed,Customer Service Executive / East / Logistics MNC (Cargowise),3800
"[{""id"":11,""category"":""Engineering""}]",Permanent,8/5/23,FALSE,MCF-2023-0274291,8/4/23,8/4/23,0,4,56,1,1,,Executive,STAFFLINK SERVICES PRIVATE LIMITED,6500,4000,Monthly,0,Closed,Project Engineer / (Petrochemical),5250
"[{""id"":21,""category"":""Information Technology""}]",Permanent,8/5/23,FALSE,MCF-2023-0061650,8/4/23,25/1/23,2,2,190,5,1,,Manager,SINGAPORE POST LIMITED,8500,7000,Monthly,0,Closed,"Senior Manager, Mail Information Systems",7750
"[{""id"":10,""category"":""Education and Training""}]",Full Time,23/5/23,FALSE,MCF-2023-0245615,23/4/23,28/3/23,2,21,172,3,1,,Senior Management,SUPERGENIUS PRESCHOOL PTE. LTD.,6000,4500,Monthly,0,Closed,Preschool Principal / Childcare Centre Leader,5250
"[{""id"":21,""category"":""Information Technology""}]",Contract,22/4/23,FALSE,MCF-2023-0274410,8/4/23,8/4/23,0,1,52,6,7,,Professional,TECHNOPALS PTE. LTD.,13900,7000,Monthly,0,Closed,Microsoft BI Administrator,10450
"[{""id"":6,""category"":""Building and Construction""},{""id"":11,""category"":""Engineering""},{""id"":16,""category"":""General Management""},{""id"":34,""category"":""Risk Management""}]",Permanent,8/5/23,FALSE,MCF-2023-0274248,8/4/23,8/4/23,0,11,145,2,2,,Executive,MAXX ENGINEERING PTE. LTD.,5000,2800,Monthly,0,Closed,Project Engineer(Fire Protection),3900
"[{""id"":21,""category"":""Information Technology""}]",Contract,8/5/23,FALSE,MCF-2023-0274296,8/4/23,8/4/23,0,1,75,5,1,,Senior Executive,SGCM PTE. LTD.,6000,4000,Monthly,0,Closed,Senior Full-stack Developer (Infra/DevOps Engineer) - 1 Year Contract - Renewable,5000
"[{""id"":2,""category"":""Admin / Secretarial""},{""id"":10,""category"":""Education and Training""},{""id"":14,""category"":""Events / Promotions""},{""id"":18,""category"":""Healthcare / Pharmaceutical""}]",Permanent,8/5/23,FALSE,MCF-2023-0274280,8/4/23,8/4/23,0,71,659,3,1,,Executive,ST LUKE'S HOSPITAL,4500,3000,Monthly,0,Closed,Programme Executive (Leisure),3750
"[{""id"":42,""category"":""Wholesale Trade""}]",Full Time,15/4/23,FALSE,MCF-2023-0274273,8/4/23,8/4/23,0,6,48,2,1,,Junior Executive,PACKMAN SG PTE. LTD.,2500,2200,Monthly,0,Closed,Driver Cum Logistics,2350
"[{""id"":21,""category"":""Information Technology""}]",Full Time,13/5/23,FALSE,MCF-2023-0274272,29/4/23,8/4/23,1,2,75,3,1,,Professional,JJ CONSULTING SERVICES,11000,8000,Monthly,0,Closed, Senior Site Reliability Engineer,9500
"[{""id"":6,""category"":""Building and Construction""},{""id"":7,""category"":""Consulting""},{""id"":11,""category"":""Engineering""},{""id"":16,""category"":""General Management""},{""id"":34,""category"":""Risk Management""}]",Full Time,8/5/23,FALSE,MCF-2023-0274210,8/4/23,8/4/23,0,5,56,10,2,,Professional,NAFI GENERAL CONTRACTOR & TRANSPORTATION PTE. LTD.,5000,3800,Monthly,0,Closed,operation supervisor,4400
"[{""id"":2,""category"":""Admin / Secretarial""},{""id"":8,""category"":""Customer Service""},{""id"":26,""category"":""Marketing / Public Relations""},{""id"":35,""category"":""Sales / Retail""}]",Full Time,29/4/23,FALSE,MCF-2022-0862960,8/4/23,5/11/22,1,2,101,2,1,,Junior Executive,CIS-TRONICS PTE LTD,2650,1800,Monthly,0,Closed,Customer Service Executive,2225
"[{""id"":22,""category"":""Insurance""}]",Permanent,19/7/23,FALSE,MCF-2023-0274268,19/6/23,8/4/23,2,60,593,5,2,,Manager,FWD SINGAPORE PTE. LTD.,8500,6000,Monthly,0,Re-open,Business Development Manager,7250
"[{""id"":21,""category"":""Information Technology""}]",Full Time,8/5/23,FALSE,MCF-2023-0274265,8/4/23,8/4/23,0,17,104,5,2,,Senior Management,HOTS (SG) TECHNOLOGY PTE. LTD.,10000,6500,Monthly,0,Closed,Business Director,8250
"[{""id"":38,""category"":""Social Services""}]",Permanent,8/5/23,FALSE,MCF-2023-0274325,8/4/23,8/4/23,0,3,67,3,1,,Professional,THE TALENT NETWORK PRIVATE LIMITED,6500,4000,Monthly,0,Closed,"Social Worker / Senior Social Worker ( Welfare Organisation) - Up to $ 6,500.00 + AWS + VB / Island-wide area - 3 openings",5250
"[{""id"":1,""category"":""Accounting / Auditing / Taxation""}]",Contract,8/5/23,FALSE,MCF-2023-0274242,8/4/23,8/4/23,0,3,41,2,1,,Junior Executive,RECRUITPEDIA PTE. LTD.,3500,3000,Monthly,0,Closed,Finance Executive - (E-Commerce Industry) / 2 years renewable contract / East,3250
"[{""id"":1,""category"":""Accounting / Auditing / Taxation""}]",Permanent,8/5/23,FALSE,MCF-2023-0274245,8/4/23,8/4/23,0,3,39,3,1,,Junior Executive,RECRUITPEDIA PTE. LTD.,3800,3000,Monthly,0,Closed,Account Executive - ACCPAC system / Central,3400
"[{""id"":11,""category"":""Engineering""},{""id"":35,""category"":""Sales / Retail""}]",Permanent,8/5/23,FALSE,MCF-2023-0176401,8/4/23,6/3/23,1,16,243,2,1,,Junior Executive,CE-TEST & MEASUREMENT (S) PTE. LTD.,5000,3500,Monthly,0,Closed,Sales Engineer,4250
"[{""id"":10,""category"":""Education and Training""}]",Contract,22/4/23,FALSE,MCF-2023-0274313,8/4/23,8/4/23,0,1,101,1,2,,Professional,FISHERMAN MUSIC SCHOOL,3500,500,Monthly,0,Closed,Piano teacher,2000
"[{""id"":6,""category"":""Building and Construction""}]",Permanent,8/5/23,FALSE,MCF-2023-0274413,8/4/23,8/4/23,0,0,46,2,1,,Junior Executive,SEARCH PERSONNEL PRIVATE LIMITED,5500,4000,Monthly,0,Closed,Quantity Surveyor (Civil Engineering/A2 Main Con/6 Days) - Up to $5500 + Variable Bonus,4750
"[{""id"":35,""category"":""Sales / Retail""}]",Full Time,8/5/23,FALSE,MCF-2023-0274301,8/4/23,8/4/23,0,3,78,1,3,,Non-executive,VERTEX AUTOMOBILE PTE. LTD.,4000,2000,Monthly,0,Closed,Car Sales Consultant,3000
"[{""id"":6,""category"":""Building and Construction""},{""id"":11,""category"":""Engineering""}]",Contract,8/5/23,FALSE,MCF-2023-0274275,8/4/23,8/4/23,0,0,54,1,1,,Junior Executive,STAFFLINK SERVICES PRIVATE LIMITED,5000,3400,Monthly,0,Closed,Quantity Surveyor / (Solar Energy),4200
"[{""id"":10,""category"":""Education and Training""}]",Full Time,22/4/23,TRUE,MCF-2023-0274294,8/4/23,8/4/23,0,0,32,1,2,,Non-executive,EMPLOYMENT CENTRE PTE. LTD.,4300,3000,Monthly,0,Closed,Child care teacher (Chinese),3650
"[{""id"":1,""category"":""Accounting / Auditing / Taxation""}]",Permanent,8/5/23,FALSE,MCF-2023-0075256,8/4/23,31/1/23,2,79,687,4,1,,Manager,SINGAPORE POST LIMITED,7000,5500,Monthly,0,Closed,"Finance Manager, General Ledger",6250
"[{""id"":21,""category"":""Information Technology""}]",Permanent,8/5/23,FALSE,MCF-2023-0052875,8/4/23,19/1/23,2,16,215,2,2,,Executive,SINGAPORE POST LIMITED,3200,3000,Monthly,0,Closed,Systems Analyst,3100
"[{""id"":11,""category"":""Engineering""},{""id"":13,""category"":""Environment / Health""},{""id"":34,""category"":""Risk Management""}]",Permanent,8/5/23,FALSE,MCF-2023-0274292,8/4/23,8/4/23,0,18,86,3,1,,Senior Executive,STAFFLINK SERVICES PRIVATE LIMITED,8000,5000,Monthly,0,Closed,HSSE / WSHO Lead - (Jap MNC),6500
"[{""id"":8,""category"":""Customer Service""},{""id"":16,""category"":""General Management""},{""id"":24,""category"":""Logistics / Supply Chain""},{""id"":25,""category"":""Manufacturing""}]",Permanent,22/4/23,FALSE,MCF-2023-0165069,8/4/23,1/3/23,2,2,42,1,2,,Junior Executive,RECRUITFLASH PTE. LTD.,3800,2800,Monthly,0,Closed,Logistic Assistant / Warehouse Supervisor (( Junior / Entry Level /Senior X3 ),3300
"[{""id"":1,""category"":""Accounting / Auditing / Taxation""},{""id"":2,""category"":""Admin / Secretarial""},{""id"":41,""category"":""Others""}]",Permanent,22/4/23,FALSE,MCF-2023-0057598,8/4/23,20/1/23,2,62,343,1,2,,Junior Executive,RECRUITFLASH PTE. LTD.,3800,2800,Monthly,0,Closed,Admin Assistant ( West ),3300
"[{""id"":5,""category"":""Banking and Finance""}]",Permanent,8/5/23,FALSE,MCF-2023-0274249,8/4/23,8/4/23,0,4,46,3,1,,Senior Executive,RECRUITPEDIA PTE. LTD.,5500,4800,Monthly,0,Closed,Finance Analyst / Pharmaceutical Industry / (Central) / Analytical Skills,5150
"[{""id"":15,""category"":""F&B""}]",Full Time,8/5/23,FALSE,MCF-2023-0274110,8/4/23,8/4/23,0,9,137,3,2,,Executive,BAKERY CUISINE PREMIUM PTE. LTD.,4000,3500,Monthly,0,Closed,BAKER,3750
"[{""id"":15,""category"":""F&B""},{""id"":35,""category"":""Sales / Retail""}]",Full Time,22/4/23,FALSE,MCF-2023-0274260,8/4/23,8/4/23,0,1,35,4,2,,Middle Management,ASHMI (S) PTE LTD,7800,5800,Monthly,0,Closed,Chef,6800
"[{""id"":7,""category"":""Consulting""},{""id"":28,""category"":""Personal Care / Beauty""},{""id"":29,""category"":""Professional Services""},{""id"":35,""category"":""Sales / Retail""}]",Full Time,8/5/23,FALSE,MCF-2023-0274341,8/4/23,8/4/23,0,0,19,1,1,,Middle Management,RIGEL PARLOUR PTE. LTD.,3500,3000,Monthly,0,Closed,Hairstylist,3250
"[{""id"":2,""category"":""Admin / Secretarial""},{""id"":20,""category"":""Human Resources""}]",Permanent,19/5/23,FALSE,MCF-2023-0228786,19/4/23,22/3/23,2,23,172,5,1,,Senior Executive,ATOMRECRUIT PTE. LTD.,5000,4000,Monthly,0,Closed,"Assistant HR & Admin Manager (Up $5000, Serangoon)",4500
"[{""id"":2,""category"":""Admin / Secretarial""},{""id"":16,""category"":""General Management""}]",Permanent,8/5/23,FALSE,MCF-2023-0274062,8/4/23,8/4/23,0,2,54,5,1,,Manager,RECRUITPEDIA PTE. LTD.,5000,3600,Monthly,0,Closed,Assistant Examination Manager (Program Management),4300
"[{""id"":8,""category"":""Customer Service""},{""id"":22,""category"":""Insurance""},{""id"":39,""category"":""Telecommunications""}]",Permanent,15/4/23,FALSE,MCF-2023-0274083,8/4/23,8/4/23,0,0,14,2,2,,Junior Executive,RECRUITPEDIA PTE. LTD.,4000,3000,Monthly,0,Closed,Telemarketing Executive (1-year) - Insurance MNC,3500
"[{""id"":24,""category"":""Logistics / Supply Chain""}]",Permanent,15/4/23,FALSE,MCF-2023-0274105,8/4/23,8/4/23,0,3,28,2,1,,Senior Executive,RECRUITPEDIA PTE. LTD.,4000,3000,Monthly,0,Closed,Senior Operation Executive / East / Logistics Industry,3500
"[{""id"":21,""category"":""Information Technology""}]",Full Time,8/5/23,FALSE,MCF-2023-0274234,8/4/23,8/4/23,0,48,259,4,2,,Senior Management,HOTS (SG) TECHNOLOGY PTE. LTD.,12000,7500,Monthly,0,Closed,General Manager,9750
"[{""id"":11,""category"":""Engineering""}]",Permanent,8/5/23,FALSE,MCF-2023-0274037,8/4/23,8/4/23,0,1,35,0,1,,Fresh/entry level,RECRUITPEDIA PTE. LTD.,8000,4000,Monthly,0,Closed,Entry Level Digital / Analog Designer (E&E MNC),6000
"[{""id"":9,""category"":""Design""},{""id"":11,""category"":""Engineering""},{""id"":43,""category"":""Precision Engineering""}]",Permanent,8/5/23,FALSE,MCF-2023-0274348,8/4/23,8/4/23,0,22,185,1,1,,Non-executive,COSMOS RECRUIT PTE. LTD.,5500,3500,Monthly,0,Closed,Mechanical Engineer (Solidworks),4500
"[{""id"":10,""category"":""Education and Training""}]",Part Time,8/5/23,FALSE,MCF-2023-0133018,8/4/23,18/2/23,1,1,75,5,1,,Professional,MUSIC LIFESTYLE ACADEMY LLP,3000,3000,Monthly,0,Closed,Guitar Teacher Singapore,3000
"[{""id"":3,""category"":""Advertising / Media""},{""id"":9,""category"":""Design""},{""id"":10,""category"":""Education and Training""},{""id"":21,""category"":""Information Technology""}]",Part Time,8/5/23,FALSE,MCF-2023-0274112,8/4/23,8/4/23,0,24,259,1,2,,Fresh/entry level,LONDON SCHOOL OF BUSINESS & FINANCE PTE. LTD.,1300,800,Monthly,0,Closed,Graphic Designer Intern,1050
"[{""id"":11,""category"":""Engineering""},{""id"":25,""category"":""Manufacturing""}]",Permanent,8/5/23,FALSE,MCF-2023-0274314,8/4/23,8/4/23,0,6,45,5,1,,Manager,ATOMRECRUIT PTE. LTD.,7500,6000,Monthly,0,Closed,"Lead Mechanical Engineer (Hybrid, Up $7500, Woodlands)",6750
"[{""id"":11,""category"":""Engineering""},{""id"":25,""category"":""Manufacturing""}]",Permanent,15/4/23,FALSE,MCF-2023-0274057,8/4/23,8/4/23,0,5,41,5,1,,Senior Executive,RECRUITPEDIA PTE. LTD.,5500,4000,Monthly,0,Closed,"Production Supervisor (Medical MNC) - ISO13485, SAP",4750
"[{""id"":26,""category"":""Marketing / Public Relations""},{""id"":35,""category"":""Sales / Retail""}]",Permanent,15/4/23,FALSE,MCF-2023-0274061,8/4/23,8/4/23,0,0,24,2,1,,Junior Executive,RECRUITPEDIA PTE. LTD.,4200,3000,Monthly,0,Closed,Sales Executive (Courses and Program),3600
"[{""id"":2,""category"":""Admin / Secretarial""},{""id"":18,""category"":""Healthcare / Pharmaceutical""},{""id"":27,""category"":""Medical / Therapy Services""},{""id"":41,""category"":""Others""}]",Permanent,8/5/23,FALSE,MCF-2023-0274224,8/4/23,8/4/23,0,4,54,1,1,,Non-executive,TALENT TRADER GROUP PTE. LTD.,3200,2500,Monthly,0,Closed,Patient Service Associate / Multiple Openings,2850
"[{""id"":3,""category"":""Advertising / Media""},{""id"":16,""category"":""General Management""},{""id"":26,""category"":""Marketing / Public Relations""}]",Permanent,15/4/23,FALSE,MCF-2023-0274092,8/4/23,8/4/23,0,1,28,3,1,,Manager,RECRUITPEDIA PTE. LTD.,6500,5000,Monthly,0,Closed,Digital Marketing Manager (E-Commerce) Global MNC,5750
"[{""id"":21,""category"":""Information Technology""}]",Contract,22/4/23,FALSE,MCF-2023-0274429,8/4/23,8/4/23,0,0,65,5,7,,Professional,TECHNOPALS PTE. LTD.,10000,6000,Monthly,0,Closed,Site Reliability Engineer (SRE),8000
"[{""id"":2,""category"":""Admin / Secretarial""}]",Permanent,8/5/23,FALSE,MCF-2023-0274396,8/4/23,8/4/23,0,5,100,1,1,,Junior Executive,SEARCH PERSONNEL PRIVATE LIMITED,2800,2300,Monthly,0,Closed,Admin Assistant (Warehouse/Shipping/Up to $2800) - ALL WELCOME,2550
"[{""id"":38,""category"":""Social Services""}]",Full Time,7/7/23,FALSE,MCF-2023-0274349,7/6/23,8/4/23,1,24,487,5,1,,Middle Management,PERTAPIS Education and Welfare Centre,4000,3500,Monthly,0,Re-open,Deputy Head of Home (PHH),3750
"[{""id"":18,""category"":""Healthcare / Pharmaceutical""},{""id"":26,""category"":""Marketing / Public Relations""}]",Permanent,15/4/23,FALSE,MCF-2023-0274069,8/4/23,8/4/23,0,0,25,2,1,,Junior Executive,RECRUITPEDIA PTE. LTD.,3500,2800,Monthly,0,Closed,Marketing Executive (SGX Listed Medical Company),3150
"[{""id"":1,""category"":""Accounting / Auditing / Taxation""},{""id"":2,""category"":""Admin / Secretarial""}]",Permanent,15/4/23,FALSE,MCF-2023-0274094,8/4/23,8/4/23,0,1,36,3,1,,Junior Executive,RECRUITPEDIA PTE. LTD.,2400,1800,Monthly,0,Closed,Admin & Accounts Assistant (Medical MNC),2100
"[{""id"":16,""category"":""General Management""},{""id"":17,""category"":""General Work""},{""id"":24,""category"":""Logistics / Supply Chain""},{""id"":35,""category"":""Sales / Retail""},{""id"":41,""category"":""Others""}]",Temporary,9/6/23,TRUE,MCF-2023-0274391,10/5/23,8/4/23,1,12,202,0,2,,Fresh/entry level,METRO (PRIVATE) LIMITED,10,9,Monthly,0,Closed,Replenishment Crew (Part Time),9.5
"[{""id"":2,""category"":""Admin / Secretarial""}]",Flexi-work,8/5/23,FALSE,MCF-2023-0274428,8/4/23,8/4/23,0,3,45,1,1,,Fresh/entry level,WWW.MAXICAB.COM HOLDINGS PTE. LTD.,2700,1800,Monthly,0,Closed,Sales,2250
"[{""id"":10,""category"":""Education and Training""}]",Full Time,10/7/23,FALSE,MCF-2023-0274031,10/6/23,8/4/23,2,11,244,5,1,,Professional,EVERSAFE ACADEMY PTE. LTD.,5000,4500,Monthly,0,Re-open,Full Time Trainer,4750
"[{""id"":4,""category"":""Architecture / Interior Design""},{""id"":6,""category"":""Building and Construction""},{""id"":9,""category"":""Design""},{""id"":11,""category"":""Engineering""}]",Permanent,8/5/23,FALSE,MCF-2023-0274366,8/4/23,8/4/23,0,2,46,1,1,,Executive,PEOPLE PROFILERS PTE. LTD.,5000,3600,Monthly,0,Closed,PROJECT COORDINATOR - Up to $5K (Able to draw CAD/ MNC),4300
"[{""id"":8,""category"":""Customer Service""}]",Permanent,8/5/23,FALSE,MCF-2023-0274024,8/4/23,8/4/23,0,0,70,2,1,,Executive,RANDSTAD PTE. LIMITED,3000,2000,Monthly,0,Closed,Customer Service Executive (Luxury Retail),2500
"[{""id"":10,""category"":""Education and Training""}]",Part Time,10/7/23,FALSE,MCF-2023-0274032,10/6/23,8/4/23,2,59,1090,5,1,,Professional,EVERSAFE ACADEMY PTE. LTD.,9000,5000,Monthly,0,Re-open,Full Time Trainer/ Associate Trainer,7000
"[{""id"":8,""category"":""Customer Service""},{""id"":15,""category"":""F&B""},{""id"":17,""category"":""General Work""},{""id"":19,""category"":""Hospitality""},{""id"":35,""category"":""Sales / Retail""}]",Part Time,8/5/23,FALSE,MCF-2023-0090301,8/4/23,5/2/23,2,11,463,0,3,,Fresh/entry level,BREAD DE DULCE PTE. LTD.,1850,1650,Monthly,0,Closed,$1850/month SUBWAY Service Crew #SENIORS/STUDENTSWELCOME,1750
"[{""id"":20,""category"":""Human Resources""}]",Permanent,8/5/23,FALSE,MCF-2023-0274040,8/4/23,8/4/23,0,1,38,3,1,,Executive,RECRUITPEDIA PTE. LTD.,4000,3000,Monthly,0,Closed,Payroll Specialist (Global Logistics MNC),3500
"[{""id"":15,""category"":""F&B""}]",Part Time,8/5/23,FALSE,MCF-2023-0274372,8/4/23,8/4/23,0,1,57,0,15,,Fresh/entry level,ZENSHO JAPANESE RESTAURANT COMPANY PTE. LTD.,2601,2000,Monthly,0,Closed,SERVICE CREWS - SUKIYA PLAZA SINGAPURA (5 DAYS WORK),2300.5
"[{""id"":26,""category"":""Marketing / Public Relations""}]",Permanent,15/4/23,FALSE,MCF-2023-0274076,8/4/23,8/4/23,0,1,42,3,1,,Manager,RECRUITPEDIA PTE. LTD.,6000,4500,Monthly,0,Closed,Assistant Digital Marketing Manager (Luxury Retail),5250
"[{""id"":21,""category"":""Information Technology""}]",Permanent,15/4/23,FALSE,MCF-2023-0274063,8/4/23,8/4/23,0,15,84,1,1,,Fresh/entry level,RECRUITPEDIA PTE. LTD.,4500,3500,Monthly,0,Closed,Analyst Programmer (No experience needed) FMCG MNC,4000
"[{""id"":2,""category"":""Admin / Secretarial""},{""id"":8,""category"":""Customer Service""}]",Contract,8/5/23,FALSE,MCF-2023-0274370,8/4/23,8/4/23,0,7,81,1,1,,Junior Executive,ADECCO PERSONNEL PTE LTD,2800,2300,Monthly,0,Closed,Shipping/ Order Processing  (Up to $3.2k/ Training Provided!),2550
"[{""id"":11,""category"":""Engineering""}]",Permanent,8/5/23,FALSE,MCF-2023-0274052,8/4/23,8/4/23,0,0,32,5,1,,Senior Executive,RECRUITPEDIA PTE. LTD.,7000,5500,Monthly,0,Closed,Electrical Production Engineer (ISO13485) - MNC,6250
"[{""id"":8,""category"":""Customer Service""},{""id"":16,""category"":""General Management""},{""id"":25,""category"":""Manufacturing""}]",Full Time,8/5/23,FALSE,MCF-2023-0274573,8/4/23,8/4/23,0,52,552,5,3,,Senior Management,JIE SENG ENTERPRISE PTE. LTD.,5500,3000,Monthly,0,Closed,Driver,4250
"[{""id"":11,""category"":""Engineering""}]",Full Time,8/5/23,FALSE,MCF-2023-0274622,8/4/23,8/4/23,0,1,63,1,1,,Fresh/entry level,TRUST RECRUIT PTE. LTD.,3300,3000,Monthly,0,Closed,"Research & Design / R&D Engineer ( MNC , Electrical , Electronics , Mechanical , AWS + VB !!! ) - URGENT HIRING!!!",3150
"[{""id"":20,""category"":""Human Resources""}]",Contract,8/5/23,FALSE,MCF-2023-0274588,8/4/23,8/4/23,0,12,121,2,2,,Executive,CRIMSONLOGIC PTE LTD,6000,3000,Monthly,0,Closed,Senior HR Executive (L&D),4500
"[{""id"":8,""category"":""Customer Service""}]",Contract,8/5/23,FALSE,MCF-2023-0274507,8/4/23,8/4/23,0,1,25,2,1,,Non-executive,RECRUITPEDIA PTE. LTD.,3000,2500,Monthly,0,Closed,Show Flat Assistant / 1 Year Contract / South,2750
"[{""id"":5,""category"":""Banking and Finance""}]",Full Time,8/5/23,FALSE,MCF-2023-0274603,8/4/23,8/4/23,0,2,75,1,10,,Junior Executive,FORTE EMPLOYMENT SERVICES PTE. LTD.,6000,2300,Monthly,0,Closed,Bank Sales Consultant (GROSS $6000),4150
"[{""id"":10,""category"":""Education and Training""}]",Full Time,8/5/23,TRUE,MCF-2023-0274489,8/4/23,8/4/23,0,1,36,1,2,,Junior Executive,LEARNING KIDZ ACADEMY PTE. LTD.,3400,2600,Monthly,0,Closed,Childcare Teachers @ Serangoon,3000
"[{""id"":11,""category"":""Engineering""}]",Permanent,8/5/23,FALSE,MCF-2023-0274514,8/4/23,8/4/23,0,0,24,5,1,,Junior Executive,RECRUITPEDIA PTE. LTD.,6000,4500,Monthly,0,Closed,Piping Engineer/Water Treatment MNC/ South (1 year Renewable Contract),5250
"[{""id"":15,""category"":""F&B""}]",Permanent,10/6/23,FALSE,MCF-2023-0274442,11/5/23,8/4/23,1,0,34,1,8,,Professional,BONCHON SINGAPORE PTE. LTD.,3200,2000,Monthly,0,Closed,F&B Dining Supervisor / Outlet management,2600
"[{""id"":21,""category"":""Information Technology""}]",Internship/Attachment,8/5/23,FALSE,MCF-2023-0274505,8/4/23,8/4/23,0,8,109,0,3,,Fresh/entry level,SILVER ROC PTE. LTD.,1200,1000,Monthly,0,Closed,Ecommerce Operations Interns,1100
"[{""id"":8,""category"":""Customer Service""}]",Part Time,8/5/23,FALSE,MCF-2023-0036408,8/4/23,13/1/23,2,14,261,0,2,,Fresh/entry level,JOHWA HAIR & LIVING PTE. LTD.,4300,2400,Monthly,0,Closed,Hair Assistant,3350
"[{""id"":11,""category"":""Engineering""},{""id"":35,""category"":""Sales / Retail""},{""id"":41,""category"":""Others""}]",Permanent,10/6/23,FALSE,MCF-2023-0184073,11/5/23,8/3/23,2,26,417,2,2,,Executive,HITACHI AQUA-TECH ENGINEERING PTE. LTD.,5500,3800,Monthly,0,Closed,Proposal Engineer (Water Treatment),4650
"[{""id"":21,""category"":""Information Technology""}]",Contract,22/4/23,FALSE,MCF-2023-0274436,8/4/23,8/4/23,0,2,114,5,7,,Professional,TECHNOPALS PTE. LTD.,10000,5500,Monthly,0,Closed,SAP ABAP Consultant,7750
"[{""id"":15,""category"":""F&B""}]",Permanent,8/5/23,FALSE,MCF-2023-0274609,8/4/23,8/4/23,0,0,35,1,5,,Junior Executive,FORTE EMPLOYMENT SERVICES PTE. LTD.,2600,1800,Monthly,0,Closed,Chef /Cook  (Western Cook)/$2600),2200
"[{""id"":1,""category"":""Accounting / Auditing / Taxation""}]",Permanent,8/5/23,FALSE,MCF-2023-0274498,8/4/23,8/4/23,0,3,75,1,1,,Junior Executive,RECRUITPEDIA PTE. LTD.,3800,3000,Monthly,0,Closed,Junior Accounts Executive (Full set of Accounts) / Town Area (CBD),3400
"[{""id"":11,""category"":""Engineering""}]",Permanent,8/5/23,FALSE,MCF-2023-0274554,8/4/23,8/4/23,0,17,121,8,1,,Manager,RANDSTAD PTE. LIMITED,14500,8000,Monthly,0,Closed,Snr / Industrial Sales Manager (IC 100% Hunter Role) B2B HVAC,11250
"[{""id"":21,""category"":""Information Technology""}]",Full Time,8/5/23,FALSE,MCF-2023-0274616,8/4/23,8/4/23,0,68,283,2,1,,Junior Executive,TRUST RECRUIT PTE. LTD.,3800,2800,Monthly,0,Closed,"Desktop Engineer ( EUC , IT Support , Level 1 & 2 , Hardware , Window OS ) - FAST HIRED!!!",3300
"[{""id"":6,""category"":""Building and Construction""},{""id"":11,""category"":""Engineering""},{""id"":29,""category"":""Professional Services""},{""id"":33,""category"":""Repair and Maintenance""},{""id"":43,""category"":""Precision Engineering""}]",Permanent,8/5/23,FALSE,MCF-2023-0274568,8/4/23,8/4/23,0,2,32,3,1,,Executive,RECRUIT LYNC PTE. LTD.,4500,3500,Monthly,0,Closed,(C) Lift Customer Engineer (Maintenance & Servicing),4000
"[{""id"":19,""category"":""Hospitality""}]",Full Time,8/5/23,FALSE,MCF-2023-0228810,8/4/23,22/3/23,1,9,144,2,4,,Non-executive,UOL CLAYMORE INVESTMENT PTE. LTD.,2300,2000,Monthly,0,Closed,Guest Service Ambassador (Front Office),2150
"[{""id"":24,""category"":""Logistics / Supply Chain""}]",Permanent,8/5/23,FALSE,MCF-2023-0274600,8/4/23,8/4/23,0,3,76,1,1,,Junior Executive,FORTE EMPLOYMENT SERVICES PTE. LTD.,2600,1900,Monthly,0,Closed,Warehouse Assistant (5.5days/GROSS$2300),2250
"[{""id"":2,""category"":""Admin / Secretarial""}]",Permanent,8/5/23,FALSE,MCF-2023-0274583,8/4/23,8/4/23,0,3,55,2,1,,Executive,FORTE EMPLOYMENT SERVICES PTE. LTD.,2600,1800,Monthly,0,Closed,Sales cum Admin Coordinator,2200
"[{""id"":2,""category"":""Admin / Secretarial""},{""id"":6,""category"":""Building and Construction""}]",Permanent,8/5/23,FALSE,MCF-2023-0274490,8/4/23,8/4/23,0,7,41,1,1,,Executive,PEOPLE PROFILERS PTE. LTD.,3600,2800,Monthly,0,Closed,PROJECT SITE ADMIN ‚Äì CONSTRUCTION (Up to $3.6K + AWS + VB),3200
"[{""id"":2,""category"":""Admin / Secretarial""}]",Full Time,22/4/23,FALSE,MCF-2023-0274484,8/4/23,8/4/23,0,1,36,8,3,,Manager,SWARNAM INTERNATIONAL TRADING PTE. LTD.,5000,3000,Monthly,0,Closed,Supervisor,4000
"[{""id"":21,""category"":""Information Technology""}]",Contract,22/4/23,FALSE,MCF-2023-0274432,8/4/23,8/4/23,0,1,51,8,3,,Senior Executive,QUANTUM INFOTECH SOLUTIONS PTE. LTD.,12000,8000,Monthly,0,Closed,Technical Lead,10000
"[{""id"":2,""category"":""Admin / Secretarial""},{""id"":5,""category"":""Banking and Finance""},{""id"":7,""category"":""Consulting""},{""id"":8,""category"":""Customer Service""},{""id"":35,""category"":""Sales / Retail""}]",Contract,8/5/23,FALSE,MCF-2023-0274566,8/4/23,8/4/23,0,2,576,0,5,,Fresh/entry level,RECRUITMENT EXPRESS,10000,3000,Monthly,0,Closed,‚ù§Ô∏èCareer Switch‚ù§Ô∏èSales Personnel‚ù§Ô∏è100% Customers Provided‚ù§Ô∏èClient Relationship Marketing‚ù§Ô∏è50% Work From Home Flexible System‚ù§Ô∏è,6500
"[{""id"":6,""category"":""Building and Construction""},{""id"":11,""category"":""Engineering""},{""id"":32,""category"":""Real Estate / Property Management""},{""id"":33,""category"":""Repair and Maintenance""}]",Permanent,8/5/23,FALSE,MCF-2023-0274471,8/4/23,8/4/23,0,4,47,1,1,,Executive,PEOPLE PROFILERS PTE. LTD.,4200,3200,Monthly,0,Closed,FACILITIES ENGINEER - Central (Up to $4.2K/ Office Building),3700
"[{""id"":6,""category"":""Building and Construction""},{""id"":11,""category"":""Engineering""}]",Permanent,8/5/23,FALSE,MCF-2023-0274481,8/4/23,8/4/23,0,12,83,1,1,,Manager,PEOPLE PROFILERS PTE. LTD.,8000,5500,Monthly,0,Closed,PROJECT MANAGER ‚Äì CONSTRUCTION (M&E),6750
"[{""id"":7,""category"":""Consulting""},{""id"":8,""category"":""Customer Service""},{""id"":19,""category"":""Hospitality""},{""id"":28,""category"":""Personal Care / Beauty""},{""id"":35,""category"":""Sales / Retail""}]",Full Time,8/5/23,FALSE,MCF-2023-0274596,8/4/23,8/4/23,0,1,40,1,3,,Non-executive,URBAN SPA,5000,3000,Monthly,0,Closed,SPA THERAPIST,4000
"[{""id"":1,""category"":""Accounting / Auditing / Taxation""},{""id"":6,""category"":""Building and Construction""},{""id"":8,""category"":""Customer Service""},{""id"":11,""category"":""Engineering""},{""id"":17,""category"":""General Work""}]",Full Time,3/7/23,FALSE,MCF-2022-0965926,3/6/23,8/12/22,2,36,491,1,2,,Non-executive,SRP CONSTRUCTION PTE. LTD.,4300,3600,Monthly,0,Re-open,Assistant Engineer,3950
"[{""id"":15,""category"":""F&B""}]",Part Time,8/5/23,FALSE,MCF-2023-0066029,8/4/23,27/1/23,1,0,55,1,4,,Professional,BONCHON SINGAPORE PTE. LTD.,2800,1500,Monthly,0,Closed,F&B Kitchen Operation Team @ Multi Location,2150
"[{""id"":21,""category"":""Information Technology""},{""id"":24,""category"":""Logistics / Supply Chain""},{""id"":41,""category"":""Others""}]",Contract,8/5/23,FALSE,MCF-2023-0274610,8/4/23,8/4/23,0,2,31,4,1,,Senior Executive,PERSOLKELLY SINGAPORE PTE. LTD.,6000,4500,Monthly,0,Closed,Project Manager (Leading Utilities) | Up $6000 + Bonus | Kallang Sector ~,5250
"[{""id"":2,""category"":""Admin / Secretarial""}]",Full Time,22/4/23,FALSE,MCF-2023-0274478,8/4/23,8/4/23,0,7,71,6,2,,Senior Management,SWARNAM INTERNATIONAL TRADING PTE. LTD.,10000,6000,Monthly,0,Closed,Executive Manager,8000
"[{""id"":10,""category"":""Education and Training""}]",Contract,8/5/23,FALSE,MCF-2023-0274448,8/4/23,8/4/23,0,5,79,2,2,,Non-executive,ST ANDREW'S MISSION HOSPITAL,2400,1800,Monthly,0,Closed,Teacher (Student Care),2100
"[{""id"":8,""category"":""Customer Service""}]",Permanent,8/5/23,FALSE,MCF-2023-0274542,8/4/23,8/4/23,0,2,39,1,30,,Non-executive,AEON SEARCH CONSULTING PTE. LTD.,2500,1500,Monthly,0,Closed,CALL CENTRE AGENT X 10 (TEMP TO PERM) / NORTH EAST,2000
"[{""id"":6,""category"":""Building and Construction""},{""id"":11,""category"":""Engineering""}]",Permanent,8/5/23,FALSE,MCF-2023-0274433,8/4/23,8/4/23,0,1,35,2,1,,Executive,SEARCH PERSONNEL PRIVATE LIMITED,6000,5000,Monthly,0,Closed,Civil Engineer (LTA Project/A1 Main Con/EAST) - Up to $6000 + Bonus,5500
"[{""id"":2,""category"":""Admin / Secretarial""},{""id"":8,""category"":""Customer Service""}]",Full Time,8/5/23,FALSE,MCF-2023-0274597,8/4/23,8/4/23,0,8,114,0,4,,Executive,MINDFLEX EDUCATION PTE. LTD.,3500,2500,Monthly,0,Closed,Admin Executive,3000
"[{""id"":15,""category"":""F&B""}]",Permanent,8/5/23,FALSE,MCF-2023-0173551,8/4/23,4/3/23,1,0,36,1,20,,Senior Executive,BONCHON SINGAPORE PTE. LTD.,3000,2000,Monthly,0,Closed,F&B FOH Management Trainee,2500
"[{""id"":2,""category"":""Admin / Secretarial""},{""id"":24,""category"":""Logistics / Supply Chain""}]",Permanent,8/5/23,FALSE,MCF-2023-0274468,8/4/23,8/4/23,0,0,40,3,3,,Junior Executive,TRUST RECRUIT PTE. LTD.,2500,2000,Monthly,0,Closed,Logistics Coordinator (West/ Pick up provided/ Coordination/ DO/ Freight Forwarding/ Procurement) CSY,2250
"[{""id"":31,""category"":""Purchasing / Merchandising""},{""id"":35,""category"":""Sales / Retail""}]",Permanent,8/5/23,FALSE,MCF-2023-0274620,8/4/23,8/4/23,0,4,44,3,1,,Executive,HOUSE OF 28 PTE. LTD.,4500,3000,Monthly,0,Closed,Buyer / Senior Buyer (Beauty),3750
"[{""id"":8,""category"":""Customer Service""}]",Full Time,29/4/23,FALSE,MCF-2023-0274559,8/4/23,8/4/23,0,6,102,3,2,,Executive,ONG RADIO INTERNATIONAL PTE LTD,3800,2000,Monthly,0,Closed,Technical/Operation Executive,2900
"[{""id"":1,""category"":""Accounting / Auditing / Taxation""}]",Full Time,17/7/23,FALSE,MCF-2023-0274574,17/6/23,8/4/23,1,16,241,1,3,,Executive,RADUGA PTE LTD,3500,2650,Monthly,0,Re-open,"ACCOUNTS EXECUTIVE, Central, Near MRT",3075
"[{""id"":37,""category"":""Security and Investigation""}]",Full Time,8/5/23,FALSE,MCF-2023-0274590,8/4/23,8/4/23,0,11,138,1,20,,Executive,FORTE EMPLOYMENT SERVICES PTE. LTD.,5000,2000,Monthly,0,Closed,Security Officer (MAX GROSS $3200),3500
"[{""id"":18,""category"":""Healthcare / Pharmaceutical""}]",Permanent,8/5/23,FALSE,MCF-2023-0178843,8/4/23,6/3/23,1,6,92,2,2,,Non-executive,THE LENTOR RESIDENCE PTE LTD,4000,3000,Monthly,0,Closed,Staff Nurse (Home Care),3500
"[{""id"":2,""category"":""Admin / Secretarial""}]",Full Time,8/5/23,FALSE,MCF-2023-0274587,8/4/23,8/4/23,0,15,224,3,1,,Executive,WINGSOVERASIA PTE. LTD.,3200,2700,Monthly,0,Closed,Office Administration & Support Assistant,2950
"[{""id"":1,""category"":""Accounting / Auditing / Taxation""},{""id"":7,""category"":""Consulting""},{""id"":8,""category"":""Customer Service""},{""id"":20,""category"":""Human Resources""},{""id"":35,""category"":""Sales / Retail""}]",Permanent,8/5/23,FALSE,MCF-2023-0274485,8/4/23,8/4/23,0,10,105,0,1,,Fresh/entry level,RECRUITPEDIA PTE. LTD.,3800,2500,Monthly,0,Closed,Management Trainee (Corporate / Business) - No experience required (Training Provided),3150
"[{""id"":24,""category"":""Logistics / Supply Chain""}]",Permanent,8/5/23,FALSE,MCF-2023-0274552,8/4/23,8/4/23,0,12,151,4,1,,Fresh/entry level,RANDSTAD PTE. LIMITED,4800,2800,Monthly,0,Closed,Airfreight Logistics Executive (Air Waybill & Export),3800
"[{""id"":21,""category"":""Information Technology""}]",Full Time,8/5/23,FALSE,MCF-2023-0274618,8/4/23,8/4/23,0,4,102,2,1,,Junior Executive,TRUST RECRUIT PTE. LTD.,6500,4500,Monthly,0,Closed,"Network Engineer ( Infrastructure , CCNA , Firewall , Router , Switches ) - URGENT HIRING!!!",5500
"[{""id"":11,""category"":""Engineering""}]",Permanent,8/5/23,FALSE,MCF-2023-0274438,8/4/23,8/4/23,0,0,36,0,3,,Fresh/entry level,TRUST RECRUIT PTE. LTD.,3000,2500,Monthly,0,Closed,R&D Officer/ Engineer (West/ Design/ Project Management/Training provided) CSY,2750
"[{""id"":21,""category"":""Information Technology""}]",Contract,22/4/23,FALSE,MCF-2023-0274388,8/4/23,8/4/23,0,0,49,5,5,,Senior Executive,QUANTUM INFOTECH SOLUTIONS PTE. LTD.,9000,7000,Monthly,0,Closed,Senior Software Engineer,8000
"[{""id"":15,""category"":""F&B""}]",Part Time,8/5/23,FALSE,MCF-2023-0066067,8/4/23,27/1/23,2,2,57,1,12,,Junior Executive,BONCHON SINGAPORE PTE. LTD.,2700,1500,Monthly,0,Closed,Urgently F&B Dining Crew @ Compass One,2100
"[{""id"":15,""category"":""F&B""}]",Permanent,8/5/23,FALSE,MCF-2023-0066047,8/4/23,27/1/23,2,0,52,2,6,,Middle Management,BONCHON SINGAPORE PTE. LTD.,2500,1800,Monthly,0,Closed,F&B Dinning Supervisor @ Multi Location,2150
"[{""id"":21,""category"":""Information Technology""}]",Full Time,22/4/23,TRUE,MCF-2023-0274561,8/4/23,8/4/23,0,0,28,7,2,,Professional,VVV EMPLOYMENT AGENCY,10200,6100,Monthly,0,Closed,Senior Network Specialist,8150
"[{""id"":3,""category"":""Advertising / Media""},{""id"":35,""category"":""Sales / Retail""}]",Permanent,8/5/23,FALSE,MCF-2023-0274441,8/4/23,8/4/23,0,2,36,3,1,,Senior Executive,SEARCH PERSONNEL PRIVATE LIMITED,5000,4000,Monthly,0,Closed,Key Account Executive/Manager (Advertising/Hunter/Farmer) - Up to $5000 Basic + Commission,4500
"[{""id"":10,""category"":""Education and Training""}]",Full Time,8/5/23,FALSE,MCF-2023-0068307,8/4/23,28/1/23,1,8,176,0,1,,Non-executive,ZULFA KINDERGARTEN @PASIR RIS PTE. LTD.,2900,2500,Monthly,0,Closed,Early Childhood Educator,2700
"[{""id"":20,""category"":""Human Resources""}]",Permanent,8/5/23,FALSE,MCF-2023-0274487,8/4/23,8/4/23,0,1,75,2,1,,Executive,BAYES RECRUITMENT PTE. LTD.,3800,2300,Monthly,0,Closed,Recruiter,3050
"[{""id"":5,""category"":""Banking and Finance""},{""id"":7,""category"":""Consulting""},{""id"":8,""category"":""Customer Service""},{""id"":21,""category"":""Information Technology""},{""id"":41,""category"":""Others""}]",Contract,8/5/23,FALSE,MCF-2023-0274483,8/4/23,8/4/23,0,1,46,2,1,,Senior Executive,PERSOLKELLY SINGAPORE PTE. LTD.,4500,3800,Monthly,0,Closed,Project Assistant Manager (Claim Support) | Up $4500 + Bonus | Contract to PERM ~,4150
"[{""id"":2,""category"":""Admin / Secretarial""},{""id"":8,""category"":""Customer Service""},{""id"":10,""category"":""Education and Training""}]",Contract,8/5/23,FALSE,MCF-2023-0274475,8/4/23,8/4/23,0,4,50,1,1,,Fresh/entry level,PERSOLKELLY SINGAPORE PTE. LTD.,2700,2000,Monthly,0,Closed,Training Admin Ops | Up $2700 + Bonus | Contract to PERM | Woodleigh ~,2350
"[{""id"":8,""category"":""Customer Service""}]",Contract,8/5/23,FALSE,MCF-2023-0274457,8/4/23,8/4/23,0,0,28,1,1,,Junior Executive,PERSOLKELLY SINGAPORE PTE. LTD.,2800,1800,Monthly,0,Closed,Brand Ambassador | Up $2800 + Bonus | Contract to PERM | Somerset ~,2300
"[{""id"":15,""category"":""F&B""}]",Part Time,10/6/23,FALSE,MCF-2023-0173554,11/5/23,4/3/23,2,1,87,1,15,,Junior Executive,BONCHON SINGAPORE PTE. LTD.,3000,1500,Monthly,0,Closed,F&B Dining Crew @ Muliti Location,2250
"[{""id"":8,""category"":""Customer Service""},{""id"":19,""category"":""Hospitality""}]",Full Time,8/7/23,FALSE,MCF-2023-0211050,8/6/23,16/3/23,2,6,172,2,3,,Executive,UOL CLAYMORE INVESTMENT PTE. LTD.,3200,2500,Monthly,0,Re-open,Guest Service Team Leader (Front Office),2850
"[{""id"":1,""category"":""Accounting / Auditing / Taxation""}]",Permanent,8/5/23,FALSE,MCF-2023-0274458,8/4/23,8/4/23,0,17,124,1,1,,Executive,PEOPLE PROFILERS PTE. LTD.,5500,4200,Monthly,0,Closed,FINANCE EXECUTIVE - SWISS MNC (Up to $5.2K + AWS + 2 Months Bonus),4850
"[{""id"":15,""category"":""F&B""}]",Permanent,10/6/23,FALSE,MCF-2023-0113096,11/5/23,12/2/23,2,3,58,1,8,,Professional,BONCHON SINGAPORE PTE. LTD.,3000,2000,Monthly,0,Closed,F&B Management Trainee @ Compass One,2500
"[{""id"":2,""category"":""Admin / Secretarial""}]",Full Time,29/4/23,FALSE,MCF-2023-0274477,8/4/23,8/4/23,0,7,94,2,1,,Junior Executive,GENESIS SEARCH PTE. LTD.,3000,2500,Monthly,0,Closed,Service Administrator,2750
"[{""id"":15,""category"":""F&B""},{""id"":19,""category"":""Hospitality""}]",Part Time,8/5/23,FALSE,MCF-2023-0056443,8/4/23,20/1/23,2,2,113,2,5,,Non-executive,BRAWN & BRAINS COFFEE PTE. LTD.,2200,1900,Monthly,0,Closed,Management Trainee,2050
"[{""id"":2,""category"":""Admin / Secretarial""},{""id"":8,""category"":""Customer Service""}]",Full Time,8/5/23,FALSE,MCF-2023-0274599,8/4/23,8/4/23,0,2,57,0,4,,Fresh/entry level,MINDFLEX EDUCATION PTE. LTD.,3500,2500,Monthly,0,Closed,Tuition Coordinator,3000
"[{""id"":10,""category"":""Education and Training""},{""id"":27,""category"":""Medical / Therapy Services""}]",Permanent,8/5/23,FALSE,MCF-2023-0274443,8/4/23,8/4/23,0,0,47,4,1,,Professional,ST ANDREW'S MISSION HOSPITAL,5200,4000,Monthly,0,Closed,Speech & Language Therapist,4600
"[{""id"":15,""category"":""F&B""}]",Part Time,8/5/23,FALSE,MCF-2023-0066034,8/4/23,27/1/23,2,0,51,1,8,,Junior Executive,BONCHON SINGAPORE PTE. LTD.,2800,1500,Monthly,0,Closed,F&B Kitchen Operation Team Island wide,2150
"[{""id"":15,""category"":""F&B""}]",Part Time,8/5/23,FALSE,MCF-2023-0113064,8/4/23,12/2/23,1,2,47,1,10,,Executive,BONCHON SINGAPORE PTE. LTD.,2800,1500,Monthly,0,Closed,F&B Dining Crew @ Wisma Atria,2150
"[{""id"":26,""category"":""Marketing / Public Relations""}]",Contract,8/5/23,FALSE,MCF-2023-0274467,8/4/23,8/4/23,0,0,38,1,1,,Fresh/entry level,PERSOLKELLY SINGAPORE PTE. LTD.,2700,2000,Monthly,0,Closed,Marketing Executive Assistant | Up $2700 + Bonus | Contract to PERM | Toa Payoh ~,2350
"[{""id"":35,""category"":""Sales / Retail""}]",Permanent,8/5/23,FALSE,MCF-2023-0274431,8/4/23,8/4/23,0,1,33,1,3,,Junior Executive,TRUST RECRUIT PTE. LTD.,3500,2500,Monthly,0,Closed,Easy ! Sales Executive (West/ B2C/ Water Purifier/ Training provided) Basic + Commission CSY,3000
"[{""id"":10,""category"":""Education and Training""}]",Permanent,8/5/23,FALSE,MCF-2023-0274446,8/4/23,8/4/23,0,8,112,3,3,,Professional,ST ANDREW'S MISSION HOSPITAL,4700,2700,Monthly,0,Closed,Teacher ,3700
"[{""id"":21,""category"":""Information Technology""}]",Full Time,8/5/23,FALSE,MCF-2023-0274617,8/4/23,8/4/23,0,2,75,2,1,,Junior Executive,TRUST RECRUIT PTE. LTD.,5000,4000,Monthly,0,Closed,"Software Engineer / Java Developer ( MNC , Semiconductor , JAVA , Oracle SQL ) - URGENT HIRING!!!",4500
"[{""id"":21,""category"":""Information Technology""}]",Contract,22/4/23,FALSE,MCF-2023-0274440,8/4/23,8/4/23,0,6,90,1,7,,Professional,TECHNOPALS PTE. LTD.,4500,2500,Monthly,0,Closed,L2 Production Support,3500
"[{""id"":21,""category"":""Information Technology""}]",Contract,22/4/23,FALSE,MCF-2023-0274380,8/4/23,8/4/23,0,0,37,8,3,,Senior Executive,TECHEMERGE SOLUTIONS PTE. LTD.,10000,7500,Monthly,0,Closed,Technical Lead,8750
"[{""id"":6,""category"":""Building and Construction""}]",Permanent,10/7/23,FALSE,MCF-2023-0274602,10/6/23,8/4/23,2,0,67,2,2,,Executive,TALENT TRADER GROUP PTE. LTD.,4500,3500,Monthly,0,Re-open,Coordinator M&E #Careers #Jobs #Urgent,4000
"[{""id"":7,""category"":""Consulting""},{""id"":31,""category"":""Purchasing / Merchandising""},{""id"":35,""category"":""Sales / Retail""},{""id"":41,""category"":""Others""}]",Permanent,8/5/23,FALSE,MCF-2023-0274536,8/4/23,8/4/23,0,0,26,2,1,,Executive,AEON SEARCH CONSULTING PTE. LTD.,3800,3000,Monthly,0,Closed,BUSINESS PLANNING EXEC (RETAIL) / TOWN,3400
"[{""id"":8,""category"":""Customer Service""},{""id"":41,""category"":""Others""}]",Temporary,15/4/23,FALSE,MCF-2023-0274526,8/4/23,8/4/23,0,1,21,0,5,,Fresh/entry level,RECRUITPEDIA PTE. LTD.,1500,1000,Monthly,0,Closed,Temp Cashiers / Retail Assistants for Convenience Stores - Various locations,1250
"[{""id"":1,""category"":""Accounting / Auditing / Taxation""},{""id"":2,""category"":""Admin / Secretarial""},{""id"":41,""category"":""Others""}]",Contract,8/5/23,FALSE,MCF-2023-0274494,8/4/23,8/4/23,0,1,43,1,1,,Fresh/entry level,PERSOLKELLY SINGAPORE PTE. LTD.,2300,2000,Monthly,0,Closed,"Billing Assistant (Invoice, Bill Claims) | Up $2200 + Bonus | Contract to PERM ~",2150
"[{""id"":16,""category"":""General Management""},{""id"":18,""category"":""Healthcare / Pharmaceutical""}]",Permanent,8/5/23,FALSE,MCF-2023-0133648,8/4/23,18/2/23,2,46,441,6,1,,Manager,THE LENTOR RESIDENCE PTE LTD,6000,4500,Monthly,0,Closed,Operations Manager (Nursing Home) West Coast Jul 2023,5250
"[{""id"":5,""category"":""Banking and Finance""}]",Full Time,8/5/23,FALSE,MCF-2023-0274500,8/4/23,8/4/23,0,25,395,3,2,,Executive,"MIZUHO BANK, LTD.",6000,3800,Monthly,0,Closed,"Analyst / Associate, Trade Services",4900
"[{""id"":21,""category"":""Information Technology""}]",Full Time,22/4/23,TRUE,MCF-2023-0274560,8/4/23,8/4/23,0,1,32,6,2,,Professional,VVV EMPLOYMENT AGENCY,10200,6000,Monthly,0,Closed,Senior Network Specialist,8100
"[{""id"":17,""category"":""General Work""},{""id"":25,""category"":""Manufacturing""}]",Permanent,8/5/23,FALSE,MCF-2023-0274572,8/4/23,8/4/23,0,3,83,1,2,,Non-executive,RECRUIT LYNC PTE. LTD.,3000,2000,Monthly,0,Closed,(C) PCA Test Technician - Assembly Board,2500
"[{""id"":1,""category"":""Accounting / Auditing / Taxation""},{""id"":11,""category"":""Engineering""},{""id"":24,""category"":""Logistics / Supply Chain""},{""id"":25,""category"":""Manufacturing""}]",Permanent,8/5/23,FALSE,MCF-2023-0274543,8/4/23,8/4/23,0,10,104,2,1,,Executive,AEON SEARCH CONSULTING PTE. LTD.,4500,3500,Monthly,0,Closed,ACCOUNTS EXEC (GL) / UP TO $4.5K / NORTHEAST,4000
"[{""id"":11,""category"":""Engineering""},{""id"":41,""category"":""Others""}]",Permanent,10/6/23,FALSE,MCF-2023-0183627,11/5/23,8/3/23,2,8,345,2,2,,Non-executive,HITACHI AQUA-TECH ENGINEERING PTE. LTD.,4800,3000,Monthly,0,Closed,Electrical Drafter (Water Treatment),3900
"[{""id"":5,""category"":""Banking and Finance""},{""id"":7,""category"":""Consulting""},{""id"":8,""category"":""Customer Service""},{""id"":21,""category"":""Information Technology""},{""id"":22,""category"":""Insurance""}]",Permanent,8/5/23,FALSE,MCF-2023-0274540,8/4/23,8/4/23,0,12,96,2,2,,Executive,AEON SEARCH CONSULTING PTE. LTD.,5500,4500,Monthly,0,Closed,CLIENT SERVICES EXEC (CANTONESE) BANK / CENTRAL,5000
"[{""id"":11,""category"":""Engineering""}]",Permanent,8/5/23,FALSE,MCF-2023-0274456,8/4/23,8/4/23,0,0,48,0,4,,Junior Executive,TRUST RECRUIT PTE. LTD.,3000,2500,Monthly,0,Closed,Electrical Design Engineer (West/ AutoCad/ Training Provided/ Elevator) CSY,2750
"[{""id"":28,""category"":""Personal Care / Beauty""}]",Full Time,25/5/23,FALSE,MCF-2023-0225091,25/4/23,21/3/23,2,1,66,2,5,,Executive,FUCHANGSHUN,4000,3000,Monthly,0,Closed,Massage Therapist,3500
"[{""id"":1,""category"":""Accounting / Auditing / Taxation""},{""id"":2,""category"":""Admin / Secretarial""},{""id"":8,""category"":""Customer Service""}]",Contract,8/5/23,FALSE,MCF-2023-0274593,8/4/23,8/4/23,0,1,32,1,1,,Fresh/entry level,PERSOLKELLY SINGAPORE PTE. LTD.,2600,2000,Monthly,0,Closed,Billing Executive (Account Receivable) | Up $2400 + Bonus | Kallang Sector ~,2300
"[{""id"":1,""category"":""Accounting / Auditing / Taxation""}]",Full Time,22/4/23,FALSE,MCF-2023-0274605,8/4/23,8/4/23,0,5,74,3,1,,Manager,DTL ACCOUNTING GROUP PTE. LTD.,6000,5000,Monthly,0,Closed,ACCOUNT MANAGER,5500
"[{""id"":6,""category"":""Building and Construction""},{""id"":8,""category"":""Customer Service""},{""id"":17,""category"":""General Work""},{""id"":26,""category"":""Marketing / Public Relations""},{""id"":33,""category"":""Repair and Maintenance""}]",Full Time,8/5/23,FALSE,MCF-2023-0274612,8/4/23,8/4/23,0,2,121,1,2,,Non-executive,SRP CONSTRUCTION PTE. LTD.,4000,3000,Monthly,0,Closed,BUS DRIVER,3500
"[{""id"":15,""category"":""F&B""},{""id"":35,""category"":""Sales / Retail""},{""id"":42,""category"":""Wholesale Trade""}]",Permanent,8/5/23,FALSE,MCF-2023-0274447,8/4/23,8/4/23,0,3,48,1,1,,Junior Executive,SEARCH PERSONNEL PRIVATE LIMITED,4000,3000,Monthly,0,Closed,Sales Executive/Business Development Executive (HORECA/Premium Tea Brand/Wholesale) - Up to $3500 + Commission,3500
"[{""id"":15,""category"":""F&B""}]",Part Time,10/6/23,FALSE,MCF-2023-0113107,11/5/23,12/2/23,2,3,137,1,6,,Executive,BONCHON SINGAPORE PTE. LTD.,3200,1500,Monthly,0,Closed,Kitchen @ Cloud Kitchen,2350
"[{""id"":19,""category"":""Hospitality""}]",Full Time,8/5/23,FALSE,MCF-2023-0229537,8/4/23,23/3/23,1,1,243,3,1,,Non-executive,UOL CLAYMORE INVESTMENT PTE. LTD.,2200,1800,Monthly,0,Closed,Painter,2000
"[{""id"":35,""category"":""Sales / Retail""}]",Full Time,22/4/23,FALSE,MCF-2023-0274491,8/4/23,8/4/23,0,0,41,8,3,,Manager,SWARNAM INTERNATIONAL TRADING PTE. LTD.,5000,3000,Monthly,0,Closed,Sales Assistant,4000
"[{""id"":17,""category"":""General Work""}]",Permanent,8/5/23,FALSE,MCF-2023-0274461,8/4/23,8/4/23,0,2,44,1,1,,Non-executive,AOE PTE. LTD.,2500,2000,Monthly,0,Closed,Installer,2250
"[{""id"":15,""category"":""F&B""}]",Part Time,15/7/23,FALSE,MCF-2023-0274482,15/6/23,8/4/23,2,8,191,2,3,,Non-executive,BRAWN & BRAINS COFFEE PTE. LTD.,15,12,Monthly,0,Re-open,Kitchen Assistant (Part Time),13.5
"[{""id"":8,""category"":""Customer Service""}]",Full Time,22/4/23,TRUE,MCF-2023-0274466,8/4/23,8/4/23,0,9,63,5,4,,Executive,SPRING GROUP CONSULTANCY PTE. LTD.,5500,3000,Monthly,0,Closed,Bar Manager,4250
"[{""id"":6,""category"":""Building and Construction""},{""id"":11,""category"":""Engineering""}]",Permanent,8/5/23,FALSE,MCF-2023-0274476,8/4/23,8/4/23,0,0,27,0,1,,Executive,PEOPLE PROFILERS PTE. LTD.,4000,3000,Monthly,0,Closed,PROJECT ENGINEER ‚Äì Construction M&E,3500
"[{""id"":10,""category"":""Education and Training""}]",Part Time,8/5/23,FALSE,MCF-2023-0274474,8/4/23,8/4/23,0,1,75,1,2,,Non-executive,ZULFA EDUCENTRE @PASIR RIS PTE. LTD.,2200,2000,Monthly,0,Closed,Asatizah,2100
"[{""id"":15,""category"":""F&B""}]",Permanent,8/5/23,TRUE,MCF-2023-0274450,8/4/23,8/4/23,0,1,41,5,3,,Middle Management,57 EMPLOYMENT AGENCY PTE. LTD.,5000,3000,Monthly,0,Closed,SUPERVISOR,4000
"[{""id"":25,""category"":""Manufacturing""}]",Permanent,8/5/23,TRUE,MCF-2023-0274460,8/4/23,8/4/23,0,0,47,5,3,,Executive,57 EMPLOYMENT AGENCY PTE. LTD.,4500,3000,Monthly,0,Closed,CARPENTER,3750
"[{""id"":11,""category"":""Engineering""},{""id"":25,""category"":""Manufacturing""}]",Permanent,8/5/23,FALSE,MCF-2023-0274571,8/4/23,8/4/23,0,0,37,1,1,,Junior Executive,RECRUIT LYNC PTE. LTD.,2500,2000,Monthly,0,Closed,(C) QC Officer - Electronics Manufacturing,2250
"[{""id"":35,""category"":""Sales / Retail""}]",Full Time,22/4/23,FALSE,MCF-2023-0274465,8/4/23,8/4/23,0,6,65,6,2,,Senior Management,SWARNAM INTERNATIONAL TRADING PTE. LTD.,10000,6000,Monthly,0,Closed,Sales and Marketing Manager,8000
"[{""id"":15,""category"":""F&B""}]",Temporary,8/5/23,FALSE,MCF-2023-0066026,8/4/23,27/1/23,2,1,52,1,10,,Executive,BONCHON SINGAPORE PTE. LTD.,2800,2000,Monthly,0,Closed,F&B Management Trainee / Supervisor (FOH / BOH),2400
"[{""id"":11,""category"":""Engineering""},{""id"":12,""category"":""Entertainment""},{""id"":16,""category"":""General Management""},{""id"":17,""category"":""General Work""},{""id"":33,""category"":""Repair and Maintenance""}]",Full Time,8/5/23,FALSE,MCF-2022-0913071,8/4/23,21/11/22,1,9,258,2,2,,Non-executive,SRP CONSTRUCTION PTE. LTD.,3500,3000,Monthly,0,Closed,Driver,3250
"[{""id"":17,""category"":""General Work""},{""id"":24,""category"":""Logistics / Supply Chain""},{""id"":41,""category"":""Others""}]",Permanent,8/5/23,FALSE,MCF-2023-0274564,8/4/23,8/4/23,0,2,45,0,1,,Fresh/entry level,RECRUIT LYNC PTE. LTD.,3000,2000,Monthly,0,Closed,(C) Delivery Attendant / Person [ 5 Days / Tuas / Transportation Provided] - Gross up to $3K,2500
"[{""id"":36,""category"":""Sciences / Laboratory / R&D""}]",Contract,8/5/23,FALSE,MCF-2023-0274535,8/4/23,8/4/23,0,0,22,0,1,,Fresh/entry level,RECRUITPEDIA PTE. LTD.,2000,1900,Monthly,0,Closed,Regulatory Officer / West / No Experience Required - Training Provided / 1 Year Contract (Convertible) / Global MNC,1950
"[{""id"":28,""category"":""Personal Care / Beauty""}]",Permanent,8/5/23,TRUE,MCF-2023-0274462,8/4/23,8/4/23,0,1,26,5,3,,Executive,57 EMPLOYMENT AGENCY PTE. LTD.,5000,3000,Monthly,0,Closed,BEAUTICIAN,4000
"[{""id"":6,""category"":""Building and Construction""},{""id"":11,""category"":""Engineering""}]",Permanent,8/5/23,FALSE,MCF-2023-0274469,8/4/23,8/4/23,0,1,38,1,1,,Executive,PEOPLE PROFILERS PTE. LTD.,4500,3200,Monthly,0,Closed,QUANTITY SURVEYOR - Up to $4.5K,3850
"[{""id"":21,""category"":""Information Technology""}]",Contract,22/4/23,FALSE,MCF-2023-0274430,8/4/23,8/4/23,0,0,51,5,5,,Senior Executive,QUANTUM INFOTECH SOLUTIONS PTE. LTD.,9000,7000,Monthly,0,Closed,Senior Software Engineer,8000
"[{""id"":2,""category"":""Admin / Secretarial""}]",Full Time,22/4/23,FALSE,MCF-2023-0274473,8/4/23,8/4/23,0,20,87,6,2,,Middle Management,SWARNAM INTERNATIONAL TRADING PTE. LTD.,10000,6000,Monthly,0,Closed,Assistant Manager,8000
"[{""id"":2,""category"":""Admin / Secretarial""},{""id"":8,""category"":""Customer Service""},{""id"":17,""category"":""General Work""},{""id"":35,""category"":""Sales / Retail""}]",Full Time,29/4/23,FALSE,MCF-2023-0274479,8/4/23,8/4/23,0,1,50,0,1,,Executive,LBHH CRYSTAL SG PTE. LTD.,2200,1600,Monthly,0,Closed,Operation Assistants,1900
"[{""id"":6,""category"":""Building and Construction""}]",Permanent,8/5/23,FALSE,MCF-2023-0274598,8/4/23,8/4/23,0,1,44,2,2,,Manager,TALENT TRADER GROUP PTE. LTD.,8500,6500,Monthly,0,Closed,Manager for Geotechnical Design - 5 Days,7500
"[{""id"":13,""category"":""Environment / Health""}]",Permanent,8/5/23,FALSE,MCF-2023-0274548,8/4/23,8/4/23,0,14,111,5,1,,Executive,RANDSTAD PTE. LIMITED,7800,5000,Monthly,0,Closed,Senior HSE Engineer (Chemical / Lubricant Manufacturing),6400
"[{""id"":35,""category"":""Sales / Retail""}]",Permanent,8/5/23,FALSE,MCF-2023-0274464,8/4/23,8/4/23,0,2,37,4,1,,Senior Executive,PEOPLE PROFILERS PTE. LTD.,9000,6000,Monthly,0,Closed,SALES MANAGER ‚Äì HIGH-END EUROPEAN ARCHTECTURAL PRODUCTS,7500
"[{""id"":35,""category"":""Sales / Retail""}]",Part Time,25/7/23,FALSE,MCF-2023-0169711,25/6/23,3/3/23,2,16,276,1,2,,Executive,LS CREATIVO MARKETING (S) PTE. LTD.,1280,480,Monthly,0,Re-open,Part time Corporate sales specialist,880
"[{""id"":2,""category"":""Admin / Secretarial""},{""id"":14,""category"":""Events / Promotions""}]",Temporary,8/5/23,FALSE,MCF-2023-0274511,8/4/23,8/4/23,0,2,55,0,1,,Non-executive,RECRUITPEDIA PTE. LTD.,1100,1000,Monthly,0,Closed,Admin Assistant (Science Industry) / End of Year Contract / Part time / Central / Global MNC,1050
"[{""id"":6,""category"":""Building and Construction""}]",Permanent,8/5/23,FALSE,MCF-2023-0089015,8/4/23,3/2/23,2,4,183,2,2,,Executive,TALENT TRADER GROUP PTE. LTD.,4200,3500,Monthly,0,Closed,"Steel Civil Drafter, (MNC/Central)",3850
"[{""id"":10,""category"":""Education and Training""}]",Full Time,19/7/23,FALSE,MCF-2023-0274434,19/6/23,8/4/23,1,20,245,1,2,,Professional,LCENTRAL (YISHUN) PTE. LTD.,5500,3500,Monthly,0,Re-open,Early Literacy English Teacher - Yishun,4500
"[{""id"":8,""category"":""Customer Service""},{""id"":35,""category"":""Sales / Retail""}]",Permanent,8/5/23,FALSE,MCF-2023-0274453,8/4/23,8/4/23,0,2,38,1,1,,Junior Executive,SEARCH PERSONNEL PRIVATE LIMITED,4000,3000,Monthly,0,Closed,Sales Executive (B2B /Jewelry Industry/Cold Calling) - Basic + Commission of Up to $4000 or more,3500
"[{""id"":6,""category"":""Building and Construction""},{""id"":11,""category"":""Engineering""},{""id"":17,""category"":""General Work""},{""id"":41,""category"":""Others""}]",Permanent,8/5/23,FALSE,MCF-2023-0274565,8/4/23,8/4/23,0,0,33,1,1,,Non-executive,RECRUIT LYNC PTE. LTD.,3000,2200,Monthly,0,Closed,(C)  Lift Technical Specialist - [Testing & Installation],2600
"[{""id"":11,""category"":""Engineering""},{""id"":41,""category"":""Others""}]",Permanent,8/5/23,FALSE,MCF-2023-0183734,8/4/23,8/3/23,1,25,380,5,1,,Senior Executive,HITACHI AQUA-TECH ENGINEERING PTE. LTD.,7000,4800,Monthly,0,Closed,Senior Process Engineer (Water Treatment),5900
"[{""id"":2,""category"":""Admin / Secretarial""},{""id"":20,""category"":""Human Resources""}]",Temporary,8/5/23,FALSE,MCF-2023-0274533,8/4/23,8/4/23,0,0,32,0,1,,Fresh/entry level,RECRUITPEDIA PTE. LTD.,1000,600,Monthly,0,Closed,Spring/Summer Internship (East),800
"[{""id"":35,""category"":""Sales / Retail""}]",Full Time,22/4/23,FALSE,MCF-2023-0274553,8/4/23,8/4/23,0,3,38,8,1,,Non-executive,H M HUSSAIN,4800,3800,Monthly,0,Closed,Senior Sales Executive,4300
"[{""id"":20,""category"":""Human Resources""}]",Permanent,8/6/23,FALSE,MCF-2023-0274230,9/5/23,8/4/23,1,17,183,2,2,,Executive,THE LENTOR RESIDENCE PTE LTD,3800,2500,Monthly,0,Closed,Human Resource Executive (Nursing Home) - West Coast,3150
"[{""id"":2,""category"":""Admin / Secretarial""}]",Permanent,8/5/23,FALSE,MCF-2023-0274497,8/4/23,8/4/23,0,8,186,1,1,,Non-executive,APP SYSTEMS SERVICES PTE. LTD.,2500,1800,Monthly,0,Closed,Receptionist,2150
"[{""id"":1,""category"":""Accounting / Auditing / Taxation""},{""id"":11,""category"":""Engineering""},{""id"":24,""category"":""Logistics / Supply Chain""},{""id"":25,""category"":""Manufacturing""}]",Permanent,8/5/23,FALSE,MCF-2023-0274545,8/4/23,8/4/23,0,2,76,2,1,,Executive,AEON SEARCH CONSULTING PTE. LTD.,4500,3500,Monthly,0,Closed,ACCOUNTS RECEIVABLE EXEC/ UP TO $4.5K/NORTH-EAST,4000
"[{""id"":1,""category"":""Accounting / Auditing / Taxation""}]",Temporary,8/5/23,FALSE,MCF-2023-0274520,8/4/23,8/4/23,0,0,21,2,1,,Junior Executive,RECRUITPEDIA PTE. LTD.,2500,2200,Monthly,0,Closed,Finance Assistant / Global MNC / 6 Months Contract /  Central,2350
"[{""id"":8,""category"":""Customer Service""},{""id"":35,""category"":""Sales / Retail""}]",Full Time,19/5/23,FALSE,MCF-2023-0274501,5/5/23,8/4/23,2,4,107,2,2,,Executive,OVAS (SINGAPORE) PTE. LTD.,5000,2500,Monthly,0,Closed,Retail and Project Sales Associate,3750
"[{""id"":21,""category"":""Information Technology""}]",Full Time,22/4/23,TRUE,MCF-2023-0274556,8/4/23,8/4/23,0,0,16,7,2,,Professional,VVV EMPLOYMENT AGENCY,8700,5000,Monthly,0,Closed,Senior Network Specialist,6850
"[{""id"":11,""category"":""Engineering""}]",Permanent,8/5/23,FALSE,MCF-2023-0274515,8/4/23,8/4/23,0,0,23,5,1,,Senior Executive,RECRUITPEDIA PTE. LTD.,7000,5000,Monthly,0,Closed,E&I Engineer/ Water Treatment MNC (Offshore),6000
"[{""id"":28,""category"":""Personal Care / Beauty""}]",Permanent,8/5/23,TRUE,MCF-2023-0274444,8/4/23,8/4/23,0,0,34,5,3,,Professional,57 EMPLOYMENT AGENCY PTE. LTD.,5000,3000,Monthly,0,Closed,HAIR STYLIST/ HAIRDRESSER,4000
"[{""id"":8,""category"":""Customer Service""},{""id"":26,""category"":""Marketing / Public Relations""},{""id"":35,""category"":""Sales / Retail""}]",Full Time,23/5/23,FALSE,MCF-2023-0274504,9/5/23,8/4/23,1,16,212,2,1,,Senior Executive,OVAS (SINGAPORE) PTE. LTD.,6000,3000,Monthly,0,Closed,Sales Manager,4500
"[{""id"":38,""category"":""Social Services""}]",Full Time,8/5/23,FALSE,MCF-2023-0274495,8/4/23,8/4/23,0,18,212,2,1,,Executive,Wicare Support Group,3000,2590,Monthly,0,Closed,Programme Executive,2795
"[{""id"":6,""category"":""Building and Construction""}]",Permanent,8/5/23,FALSE,MCF-2023-0274608,8/4/23,8/4/23,0,0,29,2,2,,Non-executive,TALENT TRADER GROUP PTE. LTD.,4500,3500,Monthly,0,Closed,"Repair Coordinator, Machinery #MNC",4000
"[{""id"":2,""category"":""Admin / Secretarial""},{""id"":36,""category"":""Sciences / Laboratory / R&D""}]",Temporary,15/4/23,FALSE,MCF-2023-0274512,8/4/23,8/4/23,0,4,49,0,1,,Fresh/entry level,RECRUITPEDIA PTE. LTD.,2000,1800,Monthly,0,Closed,Lab Admin Assistant (No experience needed - Training Provided) (1 Year Contract) / Global MNC,1900
"[{""id"":2,""category"":""Admin / Secretarial""},{""id"":6,""category"":""Building and Construction""},{""id"":8,""category"":""Customer Service""},{""id"":11,""category"":""Engineering""},{""id"":26,""category"":""Marketing / Public Relations""}]",Full Time,22/4/23,FALSE,MCF-2023-0274584,8/4/23,8/4/23,0,34,298,5,1,,Middle Management,USL ENGINEERING (S) PTE. LTD.,4500,3000,Monthly,0,Closed,ADMIN,3750
"[{""id"":7,""category"":""Consulting""},{""id"":23,""category"":""Legal""}]",Permanent,8/5/23,FALSE,MCF-2023-0274449,8/4/23,8/4/23,0,2,57,0,3,,Fresh/entry level,TRUST RECRUIT PTE. LTD.,6000,5000,Monthly,0,Closed,Lawyer (Central/ Advocate & Solicitor/ Law Firm/ Training provided) CSY,5500
"[{""id"":8,""category"":""Customer Service""},{""id"":27,""category"":""Medical / Therapy Services""},{""id"":28,""category"":""Personal Care / Beauty""}]",Full Time,22/4/23,FALSE,MCF-2022-0978921,8/4/23,13/12/22,1,2,64,0,5,,Fresh/entry level,SEASONS GLOW PTE. LTD.,4500,2600,Monthly,0,Closed,spa therapist,3550
"[{""id"":15,""category"":""F&B""},{""id"":19,""category"":""Hospitality""}]",Full Time,8/5/23,FALSE,MCF-2023-0056432,8/4/23,20/1/23,2,1,68,3,3,,Junior Executive,BRAWN & BRAINS COFFEE PTE. LTD.,3600,2800,Monthly,0,Closed,CHEF,3200
"[{""id"":6,""category"":""Building and Construction""},{""id"":11,""category"":""Engineering""},{""id"":17,""category"":""General Work""},{""id"":43,""category"":""Precision Engineering""}]",Permanent,8/5/23,FALSE,MCF-2023-0274567,8/4/23,8/4/23,0,2,32,1,1,,Non-executive,RECRUIT LYNC PTE. LTD.,3000,2000,Monthly,0,Closed,(C)  Lift Maintenance Specialist - LIFT INDUSTRY/ISLANDWIDE,2500
"[{""id"":21,""category"":""Information Technology""}]",Contract,22/4/23,FALSE,MCF-2023-0274362,8/4/23,8/4/23,0,11,194,6,3,,Senior Executive,TECHEMERGE SOLUTIONS PTE. LTD.,9000,7000,Monthly,0,Closed,Business Analyst,8000
"[{""id"":15,""category"":""F&B""}]",Part Time,8/5/23,FALSE,MCF-2023-0066070,8/4/23,27/1/23,2,4,100,1,12,,Junior Executive,BONCHON SINGAPORE PTE. LTD.,2700,1500,Monthly,0,Closed,Urgently F&B Dining Crew @ Wisma Atria,2100
"[{""id"":21,""category"":""Information Technology""}]",Full Time,8/5/23,FALSE,MCF-2023-0274619,8/4/23,8/4/23,0,2,64,2,1,,Senior Executive,TRUST RECRUIT PTE. LTD.,6500,4000,Monthly,0,Closed,"System Engineer ( Infrastructure , Nutanix , VMware , vSphere , Hyper-V , VLAN ) - URGENT HIRING!!!",5250
"[{""id"":35,""category"":""Sales / Retail""},{""id"":42,""category"":""Wholesale Trade""}]",Permanent,8/5/23,FALSE,MCF-2023-0274499,8/4/23,8/4/23,0,41,265,3,1,,Senior Executive,BAYES RECRUITMENT PTE. LTD.,8000,4000,Monthly,0,Closed,Grains Trader,6000
"[{""id"":10,""category"":""Education and Training""}]",Contract,8/5/23,FALSE,MCF-2023-0274445,8/4/23,8/4/23,0,11,146,1,3,,Non-executive,ST ANDREW'S MISSION HOSPITAL,2600,1800,Monthly,0,Closed,Teacher Aide,2200
"[{""id"":1,""category"":""Accounting / Auditing / Taxation""}]",Temporary,8/5/23,FALSE,MCF-2023-0274523,8/4/23,8/4/23,0,1,27,5,1,,Senior Executive,RECRUITPEDIA PTE. LTD.,4500,3500,Monthly,0,Closed,Accounts Executive / Global MNC  / 1 Year Renewable Contract / East / SAP + Completion Bonus,4000
"[{""id"":2,""category"":""Admin / Secretarial""}]",Permanent,8/5/23,FALSE,MCF-2023-0274493,8/4/23,8/4/23,0,329,1748,1,1,,Junior Executive,KMP PRIVATE LTD,3200,2500,Monthly,0,Closed,Admin Support,2850
"[{""id"":8,""category"":""Customer Service""},{""id"":35,""category"":""Sales / Retail""},{""id"":41,""category"":""Others""}]",Contract,8/5/23,FALSE,MCF-2023-0274451,8/4/23,8/4/23,0,3,39,3,2,,Senior Executive,PERSOLKELLY SINGAPORE PTE. LTD.,4500,3000,Monthly,0,Closed,Brand ambassador | Up $4500 + Bonus | B2C Sales | Somerset ~,3750
"[{""id"":18,""category"":""Healthcare / Pharmaceutical""}]",Permanent,8/5/23,FALSE,MCF-2023-0176152,8/4/23,6/3/23,1,6,148,2,1,,Manager,THE LENTOR RESIDENCE PTE LTD,6000,4000,Monthly,0,Closed,Nurse Manager (Nursing Home - West Coast),5000
"[{""id"":4,""category"":""Architecture / Interior Design""},{""id"":35,""category"":""Sales / Retail""}]",Permanent,8/5/23,FALSE,MCF-2023-0274463,8/4/23,8/4/23,0,1,40,1,2,,Junior Executive,SEARCH PERSONNEL PRIVATE LIMITED,4000,2800,Monthly,0,Closed,Showroom Sales Executive (High-End Designer Furniture Showroom/Passion For Interior Design/Styling) - Basic + UNCAPPED COMMISSION,3400
"[{""id"":24,""category"":""Logistics / Supply Chain""}]",Permanent,8/5/23,FALSE,MCF-2023-0274577,8/4/23,8/4/23,0,5,102,0,2,,Fresh/entry level,RADUGA PTE LTD,2700,2000,Monthly,0,Closed,"Logistic Assistant, Central, Near 2 MRTs",2350
"[{""id"":24,""category"":""Logistics / Supply Chain""}]",Temporary,8/5/23,FALSE,MCF-2023-0274517,8/4/23,8/4/23,0,2,36,5,1,,Senior Executive,RECRUITPEDIA PTE. LTD.,5000,4500,Monthly,0,Closed,Buyer / 1 Year Contract / Oil & Gas MNC / Project,4750
"[{""id"":15,""category"":""F&B""}]",Permanent,10/6/23,FALSE,MCF-2023-0113094,11/5/23,12/2/23,2,0,27,1,8,,Professional,BONCHON SINGAPORE PTE. LTD.,3000,2000,Monthly,0,Closed,F&B Management Trainee @ PLQ Mall,2500
"[{""id"":11,""category"":""Engineering""}]",Permanent,8/5/23,FALSE,MCF-2023-0274516,8/4/23,8/4/23,0,0,22,5,1,,Senior Executive,RECRUITPEDIA PTE. LTD.,7000,5000,Monthly,0,Closed,E&I Engineer/ Water Treatment MNC (Offshore) / 1 Year Contract,6000
"[{""id"":21,""category"":""Information Technology""}]",Contract,22/4/23,FALSE,MCF-2023-0274420,8/4/23,8/4/23,0,0,36,8,3,,Senior Executive,QUANTUM INFOTECH SOLUTIONS PTE. LTD.,10000,7500,Monthly,0,Closed,Technical Lead,8750
"[{""id"":21,""category"":""Information Technology""}]",Contract,22/4/23,FALSE,MCF-2023-0274437,8/4/23,8/4/23,0,9,147,6,3,,Senior Executive,QUANTUM INFOTECH SOLUTIONS PTE. LTD.,9000,7000,Monthly,0,Closed,Business Analyst,8000
"[{""id"":15,""category"":""F&B""}]",Part Time,8/5/23,FALSE,MCF-2023-0066064,8/4/23,27/1/23,2,1,82,1,10,,Junior Executive,BONCHON SINGAPORE PTE. LTD.,2700,1500,Monthly,0,Closed,Urgently F&B Dining Crew @ PLQ MALL,2100
"[{""id"":15,""category"":""F&B""}]",Part Time,8/5/23,FALSE,MCF-2023-0274551,8/4/23,8/4/23,0,0,45,2,2,,Non-executive,NUTRACO FOODS PTE. LTD.,2800,2000,Monthly,0,Closed,Kitchen Crew,2400
"[{""id"":21,""category"":""Information Technology""}]",Contract,22/4/23,FALSE,MCF-2023-0274355,8/4/23,8/4/23,0,2,44,8,3,,Senior Executive,TECHEMERGE SOLUTIONS PTE. LTD.,12000,8000,Monthly,0,Closed,Technical Lead,10000
"[{""id"":19,""category"":""Hospitality""}]",Full Time,16/6/23,FALSE,MCF-2023-0228863,17/5/23,22/3/23,2,14,236,2,4,,Non-executive,UOL CLAYMORE INVESTMENT PTE. LTD.,2200,1800,Monthly,0,Closed,Guest Service Ambassador (Pool & Gym),2000
"[{""id"":4,""category"":""Architecture / Interior Design""},{""id"":6,""category"":""Building and Construction""},{""id"":7,""category"":""Consulting""},{""id"":9,""category"":""Design""},{""id"":32,""category"":""Real Estate / Property Management""}]",Contract,8/5/23,FALSE,MCF-2023-0274472,8/4/23,8/4/23,0,6,111,0,2,,Fresh/entry level,SCRATCH PTE. LTD.,5000,3000,Monthly,0,Closed,Project Manager (Interior and small builds),4000
"[{""id"":11,""category"":""Engineering""}]",Permanent,8/5/23,FALSE,MCF-2023-0274513,8/4/23,8/4/23,0,2,41,5,1,,Junior Executive,RECRUITPEDIA PTE. LTD.,6000,4500,Monthly,0,Closed,Piping Engineer/Water Treatment MNC / South,5250
"[{""id"":15,""category"":""F&B""}]",Part Time,8/5/23,FALSE,MCF-2023-0274549,8/4/23,8/4/23,0,0,47,1,2,,Non-executive,NUTRACO FOODS PTE. LTD.,2200,1800,Monthly,0,Closed,Service Crew,2000
"[{""id"":18,""category"":""Healthcare / Pharmaceutical""}]",Contract,8/5/23,FALSE,MCF-2023-0274611,8/4/23,8/4/23,0,10,164,2,1,,Executive,REN CI HOSPITAL,4100,2700,Monthly,0,Closed,"Executive, Clinical Operations",3400
"[{""id"":2,""category"":""Admin / Secretarial""},{""id"":8,""category"":""Customer Service""}]",Permanent,8/5/23,FALSE,MCF-2023-0274454,8/4/23,8/4/23,0,11,89,1,3,,Junior Executive,TRUST RECRUIT PTE. LTD.,3200,2500,Monthly,0,Closed,Customer Service Executive (Central/ Front desk/ Good benefit) Up to 3.2K CSY,2850
"[{""id"":2,""category"":""Admin / Secretarial""}]",Temporary,8/5/23,FALSE,MCF-2023-0274510,8/4/23,8/4/23,0,4,70,0,1,,Junior Executive,RECRUITPEDIA PTE. LTD.,3000,2800,Monthly,0,Closed,Admin Officer / No Experience Required / 6 Months Contract (Convertible) / Central / Global MNC,2900
"[{""id"":15,""category"":""F&B""}]",Permanent,10/6/23,FALSE,MCF-2023-0113093,11/5/23,12/2/23,2,0,49,1,8,,Professional,BONCHON SINGAPORE PTE. LTD.,3000,2000,Monthly,0,Closed,F&B Management Trainee @ Wisma Atria,2500
"[{""id"":4,""category"":""Architecture / Interior Design""},{""id"":35,""category"":""Sales / Retail""}]",Permanent,8/5/23,FALSE,MCF-2023-0274455,8/4/23,8/4/23,0,1,45,1,1,,Junior Executive,SEARCH PERSONNEL PRIVATE LIMITED,4000,3000,Monthly,0,Closed,Sales Executive (High-End Designer Furniture / Interior Design / Office Hours) - Up to $4000 or more!!!,3500
"[{""id"":15,""category"":""F&B""}]",Permanent,10/6/23,FALSE,MCF-2023-0113098,11/5/23,12/2/23,2,0,59,1,8,,Professional,BONCHON SINGAPORE PTE. LTD.,3000,2000,Monthly,0,Closed,F&B Management Trainee @ Hillion Mall,2500
"[{""id"":2,""category"":""Admin / Secretarial""}]",Full Time,22/4/23,FALSE,MCF-2023-0274470,8/4/23,8/4/23,0,13,99,6,2,,Senior Management,SWARNAM INTERNATIONAL TRADING PTE. LTD.,10000,6000,Monthly,0,Closed,Manager,8000
"[{""id"":15,""category"":""F&B""}]",Part Time,12/6/23,FALSE,MCF-2023-0166414,13/5/23,2/3/23,2,13,298,1,2,,Non-executive,BRAWN & BRAINS COFFEE PTE. LTD.,15,12,Monthly,0,Closed,Part Time Dishwasher,13.5
"[{""id"":1,""category"":""Accounting / Auditing / Taxation""}]",Temporary,8/5/23,FALSE,MCF-2023-0274518,8/4/23,8/4/23,0,0,24,0,1,,Fresh/entry level,RECRUITPEDIA PTE. LTD.,2500,2000,Monthly,0,Closed,FP&A Assistant / No Experience Required / Oil & Gas MNC / West / 1 Year Contract,2250
"[{""id"":2,""category"":""Admin / Secretarial""},{""id"":8,""category"":""Customer Service""},{""id"":10,""category"":""Education and Training""},{""id"":20,""category"":""Human Resources""},{""id"":26,""category"":""Marketing / Public Relations""}]",Contract,8/5/23,FALSE,MCF-2023-0274578,8/4/23,8/4/23,0,2,59,0,4,,Fresh/entry level,MINDFLEX EDUCATION PTE. LTD.,1200,1000,Monthly,0,Closed,Operations & Marketing Intern (FUN Environment),1100
"[{""id"":11,""category"":""Engineering""}]",Permanent,8/5/23,FALSE,MCF-2023-0274550,8/4/23,8/4/23,0,6,70,4,1,,Fresh/entry level,RANDSTAD PTE. LIMITED,3800,1800,Monthly,0,Closed,Service Technician (Industrial Equipment) Class 3 driving,2800
"[{""id"":24,""category"":""Logistics / Supply Chain""}]",Temporary,8/5/23,FALSE,MCF-2023-0274531,8/4/23,8/4/23,0,2,28,5,1,,Senior Executive,RECRUITPEDIA PTE. LTD.,5000,4500,Monthly,0,Closed,Buyer / 1 Year Contract / Oil & Gas MNC / Project,4750
"[{""id"":15,""category"":""F&B""}]",Part Time,10/6/23,FALSE,MCF-2023-0113104,11/5/23,12/2/23,2,4,131,1,6,,Senior Executive,BONCHON SINGAPORE PTE. LTD.,3200,1500,Monthly,0,Closed,Kitchen Team @ ALICE Mediapolis Buona Vista,2350
"[{""id"":2,""category"":""Admin / Secretarial""},{""id"":8,""category"":""Customer Service""}]",Permanent,8/5/23,FALSE,MCF-2023-0274595,8/4/23,8/4/23,0,3,55,1,1,,Junior Executive,MYREPUBLIC BROADBAND PTE. LTD.,2200,2000,Monthly,0,Closed,Customer Retention Officer,2100
"[{""id"":15,""category"":""F&B""}]",Part Time,8/5/23,FALSE,MCF-2023-0066073,8/4/23,27/1/23,2,1,134,1,12,,Junior Executive,BONCHON SINGAPORE PTE. LTD.,2700,1500,Monthly,0,Closed,Urgently F&B Dining Crew @ HIllion Mall,2100
"[{""id"":38,""category"":""Social Services""}]",Full Time,8/5/23,FALSE,MCF-2023-0274539,8/4/23,8/4/23,0,6,136,1,2,,Executive,CHINESE DEVELOPMENT ASSISTANCE COUNCIL,1,1,Monthly,0,Closed,Executive or Senior Executive (Family and Worker Support),1
"[{""id"":11,""category"":""Engineering""},{""id"":13,""category"":""Environment / Health""}]",Permanent,22/4/23,FALSE,MCF-2023-0274585,8/4/23,8/4/23,0,27,216,8,1,,Senior Management,MAVENSIDE CONSULTING PTE. LTD.,15000,12000,Monthly,0,Closed,Senior Project Manager,13500
"[{""id"":21,""category"":""Information Technology""}]",Contract,22/4/23,FALSE,MCF-2023-0274377,8/4/23,8/4/23,0,2,55,5,5,,Senior Executive,TECHEMERGE SOLUTIONS PTE. LTD.,9000,7000,Monthly,0,Closed,Senior Software Engineer,8000
"[{""id"":2,""category"":""Admin / Secretarial""}]",Full Time,22/4/23,FALSE,MCF-2023-0274488,8/4/23,8/4/23,0,4,37,8,3,,Manager,SWARNAM INTERNATIONAL TRADING PTE. LTD.,5000,3000,Monthly,0,Closed,Senior Supervisor,4000
"[{""id"":6,""category"":""Building and Construction""}]",Full Time,8/5/23,FALSE,MCF-2022-0869413,8/4/23,8/11/22,1,2,375,3,2,,Professional,3J CONSTRUCTION (S) PTE. LTD.,3500,3000,Monthly,0,Closed,ACMV SITE ENGINEER,3250
"[{""id"":6,""category"":""Building and Construction""}]",Permanent,10/7/23,FALSE,MCF-2023-0274589,10/6/23,8/4/23,2,7,117,2,2,,Senior Executive,TALENT TRADER GROUP PTE. LTD.,7500,4500,Monthly,0,Re-open,Senior Site Engineer - MRT/LTA,6000
"[{""id"":1,""category"":""Accounting / Auditing / Taxation""},{""id"":11,""category"":""Engineering""},{""id"":24,""category"":""Logistics / Supply Chain""},{""id"":25,""category"":""Manufacturing""},{""id"":29,""category"":""Professional Services""}]",Permanent,8/5/23,FALSE,MCF-2023-0274544,8/4/23,8/4/23,0,7,100,2,1,,Senior Executive,AEON SEARCH CONSULTING PTE. LTD.,4500,3500,Monthly,0,Closed,ACCOUNTS PAYABLE EXEC / UP TO $4.5K / NORTHEAST,4000
"[{""id"":18,""category"":""Healthcare / Pharmaceutical""}]",Contract,8/5/23,FALSE,MCF-2023-0274435,8/4/23,8/4/23,0,3,44,3,6,,Senior Executive,TRUST RECRUIT PTE. LTD.,4000,3000,Monthly,0,Closed,Staff Nurse (Outdoor Environment/ Rotating shift) Up to 4K with VB CSY,3500
"[{""id"":15,""category"":""F&B""}]",Permanent,8/5/23,TRUE,MCF-2023-0274452,8/4/23,8/4/23,0,1,34,5,3,,Executive,57 EMPLOYMENT AGENCY PTE. LTD.,5000,3000,Monthly,0,Closed,CHEF,4000
"[{""id"":21,""category"":""Information Technology""}]",Contract,22/4/23,FALSE,MCF-2023-0274350,8/4/23,8/4/23,0,0,62,5,5,,Senior Executive,TECHEMERGE SOLUTIONS PTE. LTD.,9000,7000,Monthly,0,Closed,Senior Software Engineer,8000
"[{""id"":35,""category"":""Sales / Retail""}]",Part Time,15/6/23,FALSE,MCF-2023-0274503,16/5/23,8/4/23,1,37,794,1,2,,Executive,SILVER ROC PTE. LTD.,2000,1200,Monthly,0,Closed,Ecommerce Operations Analyst (Part-Time & Remote),1600
"[{""id"":41,""category"":""Others""}]",Permanent,22/4/23,FALSE,MCF-2023-0274586,8/4/23,8/4/23,0,18,131,2,1,,Manager,MAVENSIDE CONSULTING PTE. LTD.,9000,7000,Monthly,0,Closed,Business Development Manager,8000
"[{""id"":6,""category"":""Building and Construction""}]",Permanent,8/5/23,FALSE,MCF-2023-0088994,8/4/23,3/2/23,2,4,91,2,2,,Executive,TALENT TRADER GROUP PTE. LTD.,7500,4500,Monthly,0,Closed,"PE Site Assignee, MRT/MNC/A1/MAINCON",6000
"[{""id"":35,""category"":""Sales / Retail""}]",Full Time,15/6/23,FALSE,MCF-2023-0274502,16/5/23,8/4/23,1,32,310,1,2,,Manager,SILVER ROC PTE. LTD.,5000,3000,Monthly,0,Closed,Ecommerce Operations Analyst / Manager,4000
"[{""id"":2,""category"":""Admin / Secretarial""},{""id"":10,""category"":""Education and Training""},{""id"":20,""category"":""Human Resources""},{""id"":26,""category"":""Marketing / Public Relations""},{""id"":41,""category"":""Others""}]",Contract,8/5/23,FALSE,MCF-2023-0274579,8/4/23,8/4/23,0,4,64,0,4,,Fresh/entry level,MINDFLEX EDUCATION PTE. LTD.,3500,2500,Monthly,0,Closed,IMMEDIATE HIRING Full-Time Tuition Coordinator (Fun Environment) #SGUnitedJobs,3000
"[{""id"":8,""category"":""Customer Service""}]",Contract,22/4/23,FALSE,MCF-2023-0274527,8/4/23,8/4/23,0,2,36,2,1,,Senior Executive,RECRUITPEDIA PTE. LTD.,4000,3000,Monthly,0,Closed,Concierge Receptionist at East / 1 Year / Shift Hours,3500
"[{""id"":28,""category"":""Personal Care / Beauty""}]",Full Time,25/5/23,FALSE,MCF-2023-0225090,25/4/23,21/3/23,2,2,85,2,5,,Executive,FUCHANGSHUN,4000,3000,Monthly,0,Closed,Massage Therapist,3500
"[{""id"":21,""category"":""Information Technology""}]",Full Time,8/5/23,FALSE,MCF-2023-0274546,8/4/23,8/4/23,0,1,166,2,3,,Executive,MAC SYNC TECHNOLOGY,3000,2000,Monthly,0,Closed,Computer Technician,2500
"[{""id"":1,""category"":""Accounting / Auditing / Taxation""}]",Temporary,8/5/23,FALSE,MCF-2023-0274524,8/4/23,8/4/23,0,0,23,5,1,,Senior Executive,RECRUITPEDIA PTE. LTD.,4500,3500,Monthly,0,Closed,Accounts Executive / Global MNC  / 1 Year Renewable Contract / East / SAP + Completion Bonus,4000
"[{""id"":6,""category"":""Building and Construction""}]",Permanent,29/7/23,FALSE,MCF-2023-0274601,29/6/23,8/4/23,2,2,65,2,2,,Executive,TALENT TRADER GROUP PTE. LTD.,5000,3500,Monthly,0,Re-open,Senior Geotechnical Engineer - 5 Days,4250
"[{""id"":11,""category"":""Engineering""}]",Full Time,8/5/23,FALSE,MCF-2023-0274606,8/4/23,8/4/23,0,27,360,1,1,,Professional,UNITECH MECHATRONICS PTE. LTD.,15000,5000,Monthly,0,Closed,Machine Learning Engineer,10000
"[{""id"":21,""category"":""Information Technology""}]",Permanent,8/5/23,FALSE,MCF-2023-0177995,8/4/23,6/3/23,1,25,339,0,1,,Executive,FORTE EMPLOYMENT SERVICES PTE. LTD.,5500,2500,Monthly,0,Closed,Software Developer,4000
"[{""id"":21,""category"":""Information Technology""}]",Full Time,22/4/23,TRUE,MCF-2023-0274558,8/4/23,8/4/23,0,0,23,6,2,,Professional,VVV EMPLOYMENT AGENCY,8700,5200,Monthly,0,Closed,Senior Network Specialist,6950
"[{""id"":11,""category"":""Engineering""},{""id"":26,""category"":""Marketing / Public Relations""}]",Permanent,8/5/23,FALSE,MCF-2023-0274492,8/4/23,8/4/23,0,3,60,1,1,,Senior Executive,PEOPLE PROFILERS PTE. LTD.,6500,5000,Monthly,0,Closed,PRODUCT MARKETING MANAGER (ELECTRONICS DESIGN OR ELECTRONICS COMPONENTS),5750
"[{""id"":11,""category"":""Engineering""},{""id"":16,""category"":""General Management""},{""id"":25,""category"":""Manufacturing""},{""id"":43,""category"":""Precision Engineering""}]",Permanent,8/5/23,FALSE,MCF-2023-0274570,8/4/23,8/4/23,0,6,67,2,1,,Junior Executive,RECRUIT LYNC PTE. LTD.,5000,3000,Monthly,0,Closed,(C) Quality Control Engineer - Electronic/Medical Background {ISO & FDA 21},4000
"[{""id"":6,""category"":""Building and Construction""}]",Permanent,8/5/23,FALSE,MCF-2023-0274607,8/4/23,8/4/23,0,0,27,2,2,,Executive,TALENT TRADER GROUP PTE. LTD.,5500,4500,Monthly,0,Closed,Transport Design Engineer #work #career,5000
"[{""id"":24,""category"":""Logistics / Supply Chain""}]",Full Time,8/5/23,FALSE,MCF-2023-0274621,8/4/23,8/4/23,0,21,158,1,1,,Junior Executive,TRUST RECRUIT PTE. LTD.,4000,3200,Monthly,0,Closed,"Sales Coordinator ( Order Processing , Logistic , Shipment , PSI , AWS + VB !!!) - URGENT HIRING!!!",3600
"[{""id"":8,""category"":""Customer Service""}]",Contract,8/5/23,FALSE,MCF-2023-0274508,8/4/23,8/4/23,0,2,49,0,1,,Fresh/entry level,RECRUITPEDIA PTE. LTD.,3800,2500,Monthly,0,Closed,Customer Service Officer / 1 Year Contract / South,3150
"[{""id"":6,""category"":""Building and Construction""}]",Permanent,10/7/23,FALSE,MCF-2023-0274594,10/6/23,8/4/23,2,0,55,2,2,,Executive,TALENT TRADER GROUP PTE. LTD.,5500,3500,Monthly,0,Re-open,"Executive Engineer, Geotechnical #Careers",4500
"[{""id"":24,""category"":""Logistics / Supply Chain""}]",Full Time,8/5/23,FALSE,MCF-2023-0274576,8/4/23,8/4/23,0,13,102,3,2,,Executive,RADUGA PTE LTD,3500,2500,Monthly,0,Closed,"Shipping Coordinator, Central",3000
"[{""id"":35,""category"":""Sales / Retail""}]",Full Time,22/4/23,FALSE,MCF-2023-0274547,8/4/23,8/4/23,0,69,426,5,1,,Non-executive,H M HUSSAIN,10500,7100,Monthly,0,Closed,Purchasing Manager,8800
"[{""id"":6,""category"":""Building and Construction""}]",Permanent,8/5/23,FALSE,MCF-2023-0037600,8/4/23,13/1/23,2,6,103,2,2,,Manager,TALENT TRADER GROUP PTE. LTD.,8000,5500,Monthly,0,Closed,"Project Manager, Traffic #CIVIL #HIRING #JOBS",6750
"[{""id"":6,""category"":""Building and Construction""},{""id"":11,""category"":""Engineering""},{""id"":17,""category"":""General Work""},{""id"":32,""category"":""Real Estate / Property Management""},{""id"":33,""category"":""Repair and Maintenance""}]",Permanent,8/5/23,FALSE,MCF-2023-0274538,8/4/23,8/4/23,0,1,65,1,1,,Executive,AEON SEARCH CONSULTING PTE. LTD.,4500,3000,Monthly,0,Closed,Maintenance & Electrical Supervisor / Town,3750
"[{""id"":25,""category"":""Manufacturing""}]",Permanent,8/5/23,FALSE,MCF-2023-0274529,8/4/23,8/4/23,0,1,27,1,10,,Non-executive,RECRUITPEDIA PTE. LTD.,2500,2000,Monthly,0,Closed,Temp Production Technician (Day & Night shifts rotation) F&B MNC / 1 Year Contract / North,2250
"[{""id"":2,""category"":""Admin / Secretarial""},{""id"":18,""category"":""Healthcare / Pharmaceutical""}]",Permanent,8/6/23,FALSE,MCF-2023-0274582,9/5/23,8/4/23,1,41,355,3,1,,Executive,THE LENTOR RESIDENCE PTE LTD,4500,3000,Monthly,0,Closed,Nursing Admin Executive - Nursing Home West Coast,3750
"[{""id"":25,""category"":""Manufacturing""}]",Permanent,8/5/23,FALSE,MCF-2023-0274530,8/4/23,8/4/23,0,0,32,1,10,,Non-executive,RECRUITPEDIA PTE. LTD.,2500,2000,Monthly,0,Closed,Temp Production Technician (Day & Night shifts rotation) F&B MNC / 1 Year Contract / North,2250
"[{""id"":24,""category"":""Logistics / Supply Chain""}]",Temporary,8/5/23,FALSE,MCF-2023-0274506,8/4/23,8/4/23,0,1,28,0,1,,Fresh/entry level,RECRUITPEDIA PTE. LTD.,2300,2100,Monthly,0,Closed,Procurement Officer / SAP / 1 Year Contract / Global MNC,2200
"[{""id"":6,""category"":""Building and Construction""}]",Full Time,8/5/23,FALSE,MCF-2023-0274557,8/4/23,8/4/23,0,2,69,6,1,,Manager,3J CONSTRUCTION (S) PTE. LTD.,4500,3500,Monthly,0,Closed,Project Manager,4000
"[{""id"":18,""category"":""Healthcare / Pharmaceutical""}]",Permanent,8/5/23,FALSE,MCF-2023-0176197,8/4/23,6/3/23,1,13,171,8,1,,Manager,THE LENTOR RESIDENCE PTE LTD,7000,5000,Monthly,0,Closed,Home Care Manager (Registered Nurse) - May 2023,6000
"[{""id"":8,""category"":""Customer Service""},{""id"":35,""category"":""Sales / Retail""}]",Temporary,8/5/23,FALSE,MCF-2023-0274534,8/4/23,8/4/23,0,2,44,0,8,,Fresh/entry level,RECRUITPEDIA PTE. LTD.,2400,2000,Monthly,0,Closed,Luxury Retail Assistant @ Central | Asap ~ 3 Months | $15/hr | Fast Hire + High-End Retail,2200
"[{""id"":15,""category"":""F&B""}]",Full Time,9/7/23,FALSE,MCF-2023-0174632,9/6/23,5/3/23,2,0,139,10,1,,Professional,A-MOR TURKISH KEBAB PRIVATE LIMITED,6000,5000,Monthly,0,Re-open,Head Turkish chef,5500
"[{""id"":26,""category"":""Marketing / Public Relations""},{""id"":35,""category"":""Sales / Retail""}]",Full Time,8/5/23,TRUE,MCF-2023-0274614,8/4/23,8/4/23,0,1,47,5,1,,Senior Executive,KITTY CONSULTANCY SERVICES PTE. LTD.,4000,3500,Monthly,0,Closed,Sales And Marketing Manager,3750
"[{""id"":21,""category"":""Information Technology""}]",Full Time,22/4/23,TRUE,MCF-2023-0274555,8/4/23,8/4/23,0,0,13,7,3,,Professional,VVV EMPLOYMENT AGENCY,8700,5000,Monthly,0,Closed,Senior Network Specialist,6850
"[{""id"":8,""category"":""Customer Service""},{""id"":9,""category"":""Design""}]",Permanent,17/6/23,FALSE,MCF-2023-0124632,18/5/23,15/2/23,2,3,81,1,3,,Fresh/entry level,JOHWA HAIR & LIVING PTE. LTD.,9000,3000,Monthly,0,Closed,Hair Stylist,6000
"[{""id"":8,""category"":""Customer Service""}]",Full Time,8/5/23,FALSE,MCF-2023-0274592,8/4/23,8/4/23,0,3,53,3,1,,Executive,WINGSOVERASIA PTE. LTD.,3200,2700,Monthly,0,Closed,Hangar66 Building & Membership Lounge Executive,2950
"[{""id"":20,""category"":""Human Resources""}]",Full Time,8/5/23,FALSE,MCF-2023-0124278,8/4/23,15/2/23,1,5,86,8,2,,Senior Executive,LINCOLN TALENT PTE. LTD.,10000,6000,Monthly,0,Closed,Principal Consultant,8000
"[{""id"":1,""category"":""Accounting / Auditing / Taxation""}]",Temporary,15/4/23,FALSE,MCF-2023-0274521,8/4/23,8/4/23,0,3,19,3,1,,Executive,RECRUITPEDIA PTE. LTD.,4500,4000,Monthly,0,Closed,Finance Executive (GL) / FMCG / 6 Months Contract / West,4250
"[{""id"":6,""category"":""Building and Construction""}]",Permanent,10/7/23,FALSE,MCF-2023-0274591,10/6/23,8/4/23,2,7,107,2,2,,Executive,TALENT TRADER GROUP PTE. LTD.,5000,3500,Monthly,0,Re-open,Site Engineer - MRT/LTA,4250
"[{""id"":2,""category"":""Admin / Secretarial""},{""id"":36,""category"":""Sciences / Laboratory / R&D""}]",Temporary,15/4/23,FALSE,MCF-2023-0274525,8/4/23,8/4/23,0,2,29,0,1,,Fresh/entry level,RECRUITPEDIA PTE. LTD.,2000,1800,Monthly,0,Closed,Lab Admin Assistant (No experience needed - Training Provided) (1 Year Contract) / Global MNC,1900
"[{""id"":5,""category"":""Banking and Finance""}]",Full Time,10/6/23,FALSE,MCF-2023-0161231,11/5/23,28/2/23,2,30,342,1,5,,Executive,STRAITS ARIZON,3000,2600,Monthly,0,Closed,BUSINESS DEVELOPMENT EXECUTIVE,2800
"[{""id"":3,""category"":""Advertising / Media""},{""id"":7,""category"":""Consulting""},{""id"":8,""category"":""Customer Service""},{""id"":9,""category"":""Design""},{""id"":35,""category"":""Sales / Retail""}]",Permanent,8/5/23,FALSE,MCF-2023-0274537,8/4/23,8/4/23,0,0,38,2,1,,Executive,AEON SEARCH CONSULTING PTE. LTD.,3500,2500,Monthly,0,Closed,ADVERTISING EXECUTIVE / TOWN,3000
"[{""id"":13,""category"":""Environment / Health""}]",Full Time,7/5/23,FALSE,MCF-2023-0202000,7/4/23,14/3/23,1,13,185,3,1,,Senior Executive,HUBBED PTE. LTD.,6000,5000,Monthly,0,Closed,HSSEQ Turnaround Specialist,5500
"[{""id"":8,""category"":""Customer Service""},{""id"":41,""category"":""Others""}]",Temporary,8/5/23,FALSE,MCF-2023-0274528,8/4/23,8/4/23,0,0,23,0,10,,Fresh/entry level,RECRUITPEDIA PTE. LTD.,2000,1600,Monthly,0,Closed,Call Centre Officer (1 Year Contract) / North /  5 Days Work Week + Alt Sat,1800
"[{""id"":8,""category"":""Customer Service""},{""id"":14,""category"":""Events / Promotions""},{""id"":35,""category"":""Sales / Retail""},{""id"":40,""category"":""Travel / Tourism""}]",Full Time,7/5/23,FALSE,MCF-2023-0273527,7/4/23,7/4/23,0,10,114,1,3,,Executive,THE FUN EMPIRE PTE. LTD.,4000,3000,Monthly,0,Closed,Event Sales Executive,3500
"[{""id"":8,""category"":""Customer Service""}]",Full Time,22/4/23,FALSE,MCF-2023-0274563,8/4/23,8/4/23,0,0,44,2,4,,Middle Management,YI MEI,6000,2800,Monthly,0,Closed,Beauty and Facial,4400
"[{""id"":21,""category"":""Information Technology""}]",Permanent,7/5/23,FALSE,MCF-2023-0273506,7/4/23,7/4/23,0,4,83,5,1,,Manager,PEOPLE PROFILERS PTE. LTD.,10000,9000,Monthly,0,Closed,CRM Manager (Automotive/10k/West/5 days),9500
"[{""id"":10,""category"":""Education and Training""}]",Permanent,7/5/23,FALSE,MCF-2023-0273553,7/4/23,7/4/23,0,9,113,2,1,,Executive,PEOPLE PROFILERS PTE. LTD.,4500,4000,Monthly,0,Closed,Operations Executive (Education/4.5k/5 days),4250
"[{""id"":20,""category"":""Human Resources""}]",Permanent,7/5/23,FALSE,MCF-2023-0273552,7/4/23,7/4/23,0,21,149,5,2,,Manager,SEARCH PERSONNEL PRIVATE LIMITED,7500,4000,Monthly,0,Closed,HR & Admin Manager (Airline Road - East/Logistics),5750
"[{""id"":6,""category"":""Building and Construction""}]",Permanent,10/7/23,FALSE,MCF-2023-0274613,10/6/23,8/4/23,2,14,139,2,2,,Executive,TALENT TRADER GROUP PTE. LTD.,6500,4500,Monthly,0,Re-open,Environmental Control Officer #CIVIL #HIRING #JOBS,5500
"[{""id"":21,""category"":""Information Technology""}]",Permanent,7/5/23,FALSE,MCF-2023-0273507,7/4/23,7/4/23,0,1,53,5,1,,Manager,PEOPLE PROFILERS PTE. LTD.,7500,6500,Monthly,0,Closed,Assistant Manager ‚Äì Cybersecurity Defensive (Automotive/7.5k/West/5 days),7000
"[{""id"":27,""category"":""Medical / Therapy Services""},{""id"":28,""category"":""Personal Care / Beauty""}]",Permanent,7/5/23,TRUE,MCF-2023-0273627,7/4/23,7/4/23,0,0,53,3,5,,Non-executive,XSCEND RESOURCES GROUP PTE. LTD.,4800,3000,Monthly,0,Closed,FOOT/OTHER REFLEXOLOGIST,3900
"[{""id"":2,""category"":""Admin / Secretarial""},{""id"":10,""category"":""Education and Training""},{""id"":20,""category"":""Human Resources""},{""id"":26,""category"":""Marketing / Public Relations""},{""id"":41,""category"":""Others""}]",Contract,8/5/23,FALSE,MCF-2023-0274580,8/4/23,8/4/23,0,3,79,0,4,,Fresh/entry level,MINDFLEX EDUCATION PTE. LTD.,3500,2500,Monthly,0,Closed,"IMMEDIATE HIRING Operations & Admin Executive (Education Business, Fun Environment) #SGUnitedJobs",3000
"[{""id"":12,""category"":""Entertainment""},{""id"":14,""category"":""Events / Promotions""}]",Full Time,21/4/23,FALSE,MCF-2023-0273515,7/4/23,7/4/23,0,7,103,1,1,,Junior Executive,THE FUN EMPIRE PTE. LTD.,3500,2500,Monthly,0,Closed,Event Operations Executive,3000
"[{""id"":1,""category"":""Accounting / Auditing / Taxation""},{""id"":2,""category"":""Admin / Secretarial""}]",Contract,8/5/23,FALSE,MCF-2023-0274604,8/4/23,8/4/23,0,9,142,1,1,,Fresh/entry level,PERSOLKELLY SINGAPORE PTE. LTD.,2600,2000,Monthly,0,Closed,Metering Data Admin Assistant (Entry Level) | Up $2400 + Bonus | Kallang Sector ~,2300
"[{""id"":2,""category"":""Admin / Secretarial""}]",Full Time,21/4/23,FALSE,MCF-2023-0273682,7/4/23,7/4/23,0,20,111,6,2,,Senior Management,NEW MJ RESTAURANTS PTE. LTD.,10000,6000,Monthly,0,Closed,Operation Manager,8000
"[{""id"":8,""category"":""Customer Service""},{""id"":27,""category"":""Medical / Therapy Services""},{""id"":28,""category"":""Personal Care / Beauty""},{""id"":41,""category"":""Others""}]",Full Time,7/5/23,FALSE,MCF-2023-0273609,7/4/23,7/4/23,0,0,36,2,3,,Professional,REBIRTH SKINCARE,3800,2800,Monthly,0,Closed,NON-MEDICAL MASSEUR (INCLUDING FOOT REFLELXOLOGIST),3300
"[{""id"":1,""category"":""Accounting / Auditing / Taxation""}]",Full Time,21/4/23,FALSE,MCF-2023-0273676,7/4/23,7/4/23,0,4,84,6,2,,Senior Management,NEW MJ RESTAURANTS PTE. LTD.,10000,6000,Monthly,0,Closed,Accounting Manager,8000
"[{""id"":18,""category"":""Healthcare / Pharmaceutical""}]",Permanent,7/5/23,FALSE,MCF-2023-0273547,7/4/23,7/4/23,0,0,44,3,1,,Professional,THE TALENT NETWORK PRIVATE LIMITED,5000,4800,Monthly,0,Closed,"Physiotherapist ( Welfare Organisation) - Up to $ 5,000.00 + AWS + VB / Island-wide area - 2 openings",4900
"[{""id"":1,""category"":""Accounting / Auditing / Taxation""},{""id"":15,""category"":""F&B""}]",Full Time,7/5/23,FALSE,MCF-2023-0273471,7/4/23,7/4/23,0,27,390,3,1,,Executive,STYLEZ PTE. LTD.,5000,4000,Monthly,0,Closed,Accounts/HR Executive,4500
"[{""id"":35,""category"":""Sales / Retail""}]",Full Time,18/5/23,FALSE,MCF-2023-0227067,18/4/23,22/3/23,2,1,64,1,15,,Executive,ARTHESDAM JEWELLERY PTE LTD,3100,2200,Monthly,0,Closed,Retail Sales Executive,2650
"[{""id"":2,""category"":""Admin / Secretarial""}]",Full Time,7/5/23,FALSE,MCF-2023-0273517,7/4/23,7/4/23,0,3,127,2,1,,Executive,CNPLAW LLP,4000,2600,Monthly,0,Closed,Conveyancing Secretary (Full Time / Part Time),3300
"[{""id"":6,""category"":""Building and Construction""},{""id"":11,""category"":""Engineering""}]",Permanent,7/5/23,FALSE,MCF-2023-0273631,7/4/23,7/4/23,0,16,187,2,2,,Executive,INTERNATIONAL RECRUITMENT CENTRE PTE. LTD.,8000,6000,Monthly,0,Closed,Process Engineer (Life Science),7000
"[{""id"":21,""category"":""Information Technology""}]",Permanent,14/4/23,FALSE,MCF-2023-0273634,7/4/23,7/4/23,0,1,38,2,1,,Junior Executive,PERSOLKELLY SINGAPORE PTE. LTD.,3000,2800,Monthly,0,Closed,Network Engineer,2900
"[{""id"":11,""category"":""Engineering""},{""id"":21,""category"":""Information Technology""}]",Permanent,21/4/23,FALSE,MCF-2023-0273643,7/4/23,7/4/23,0,1,44,2,1,,Junior Executive,RANDSTAD PTE. LIMITED,5000,4500,Monthly,0,Closed,"Software Engineer (C#, WPF)",4750
"[{""id"":20,""category"":""Human Resources""}]",Permanent,22/4/23,FALSE,MCF-2023-0273652,15/4/23,7/4/23,1,4,61,4,1,,Manager,PEOPLE PROFILERS PTE. LTD.,6000,4000,Monthly,0,Closed,Senior / Assistant HR Manager - Benefits (Medical / Healthcare),5000
"[{""id"":1,""category"":""Accounting / Auditing / Taxation""}]",Full Time,7/5/23,FALSE,MCF-2023-0273620,7/4/23,7/4/23,0,35,458,1,2,,Fresh/entry level,SYNERGY ONE CORPORATE SERVICES PTE. LTD.,3500,1800,Monthly,0,Closed,Accounting Data Entry Specialist,2650
"[{""id"":25,""category"":""Manufacturing""},{""id"":28,""category"":""Personal Care / Beauty""}]",Permanent,7/5/23,FALSE,MCF-2023-0273687,7/4/23,7/4/23,0,59,400,7,1,,Middle Management,2K COSMECEUTICAL LLP,12000,10000,Monthly,0,Closed,Regional Marketing Manager,11000
"[{""id"":1,""category"":""Accounting / Auditing / Taxation""},{""id"":5,""category"":""Banking and Finance""},{""id"":8,""category"":""Customer Service""},{""id"":22,""category"":""Insurance""},{""id"":37,""category"":""Security and Investigation""}]",Contract,7/5/23,FALSE,MCF-2023-0273650,7/4/23,7/4/23,0,8,106,1,4,,Junior Executive,SEARCH INDEX PTE. LTD.,2800,2000,Monthly,0,Closed,Claims Officer (Cashiering / Accounting / A Levels / No Exp),2400
"[{""id"":1,""category"":""Accounting / Auditing / Taxation""}]",Permanent,7/5/23,FALSE,MCF-2023-0273461,7/4/23,7/4/23,0,0,38,2,1,,Junior Executive,THE SUPREME HR ADVISORY PTE. LTD.,3500,2000,Monthly,0,Closed,Account Executive (Full set / Central / Shipping Industry) 0809,2750
"[{""id"":3,""category"":""Advertising / Media""},{""id"":9,""category"":""Design""},{""id"":10,""category"":""Education and Training""}]",Permanent,28/4/23,FALSE,MCF-2023-0273623,7/4/23,7/4/23,0,16,158,3,1,,Executive,ADECCO PERSONNEL PTE LTD,5000,3500,Monthly,0,Closed,"E-Learning Specialist L&D (Remote | Up to $5,000)",4250
"[{""id"":17,""category"":""General Work""}]",Full Time,21/4/23,TRUE,MCF-2023-0273660,7/4/23,7/4/23,0,2,31,2,2,,Professional,SG JOBS PTE. LTD.,4500,3000,Monthly,0,Closed,CHEF,3750
"[{""id"":2,""category"":""Admin / Secretarial""}]",Permanent,28/4/23,FALSE,MCF-2023-0273629,7/4/23,7/4/23,0,34,264,4,1,,Executive,ADECCO PERSONNEL PTE LTD,4000,3000,Monthly,0,Closed,Admin Executive (Central),3500
"[{""id"":21,""category"":""Information Technology""}]",Permanent,8/5/23,FALSE,MCF-2023-0274581,8/4/23,8/4/23,0,2,42,5,1,,Manager,FORTE EMPLOYMENT SERVICES PTE. LTD.,5500,3000,Monthly,0,Closed,Network Engineer/Firewall/ VMWare (CCNA/ MAX $ 5500),4250
"[{""id"":6,""category"":""Building and Construction""}]",Permanent,7/5/23,FALSE,MCF-2023-0273667,7/4/23,7/4/23,0,4,94,1,1,,Executive,TAT HIN TIMBER (PTE) LTD,3500,3000,Monthly,0,Closed,Project Engineer,3250
"[{""id"":2,""category"":""Admin / Secretarial""},{""id"":8,""category"":""Customer Service""}]",Permanent,7/5/23,FALSE,MCF-2023-0273466,7/4/23,7/4/23,0,8,123,1,3,,Non-executive,THE SUPREME HR ADVISORY PTE. LTD.,2400,2000,Monthly,0,Closed,Admin Clerk (Training Provided / Aljunied) 0809,2200
"[{""id"":15,""category"":""F&B""}]",Full Time,7/5/23,FALSE,MCF-2023-0273470,7/4/23,7/4/23,0,20,218,2,1,,Middle Management,THE LOCO GROUP PTE. LTD.,4500,3500,Monthly,0,Closed,Digital Marketing Manager,4000
"[{""id"":35,""category"":""Sales / Retail""}]",Full Time,7/5/23,FALSE,MCF-2023-0273661,7/4/23,7/4/23,0,4,53,5,1,,Senior Executive,THE SUPREME HR ADVISORY PTE. LTD.,8000,6000,Monthly,0,Closed,Assistant Sales Manager / BD / Project Cargo / Freight Forwarding / Up to $8K / Fort Canning - 0001,7000
"[{""id"":35,""category"":""Sales / Retail""}]",Full Time,22/7/23,FALSE,MCF-2023-0273664,22/6/23,7/4/23,2,6,107,1,2,,Executive,GRACIOUS AIRES,3000,2500,Monthly,0,Re-open,Online Sales Executive,2750
"[{""id"":18,""category"":""Healthcare / Pharmaceutical""}]",Full Time,23/4/23,FALSE,MCF-2023-0252471,16/4/23,30/3/23,2,5,105,2,2,,Executive,T MEDICAL CLINIC KALLANG PTE. LTD.,2700,2200,Monthly,0,Closed,Clinic Assistant (Full-Time),2450
"[{""id"":11,""category"":""Engineering""}]",Contract,7/5/23,FALSE,MCF-2023-0273608,7/4/23,7/4/23,0,1,64,5,2,,Professional,NES GLOBAL PTE. LTD.,6500,4000,Monthly,0,Closed,Senior Structural Engineer,5250
"[{""id"":2,""category"":""Admin / Secretarial""}]",Full Time,7/5/23,FALSE,MCF-2023-0273628,7/4/23,7/4/23,0,50,247,5,1,,Executive,RRECRUITER INT PTE. LTD.,6000,4000,Monthly,0,Closed,Secretary,5000
"[{""id"":1,""category"":""Accounting / Auditing / Taxation""}]",Permanent,7/5/23,FALSE,MCF-2023-0273635,7/4/23,7/4/23,0,16,234,8,1,,Professional,WONG FONG ENGINEERING WORKS (1988) PTE LTD,5500,4500,Monthly,0,Closed,Senior Accountant (Wong Fong Group),5000
"[{""id"":2,""category"":""Admin / Secretarial""},{""id"":11,""category"":""Engineering""},{""id"":24,""category"":""Logistics / Supply Chain""},{""id"":31,""category"":""Purchasing / Merchandising""},{""id"":33,""category"":""Repair and Maintenance""}]",Permanent,7/5/23,FALSE,MCF-2023-0273622,7/4/23,7/4/23,0,2,59,0,1,,Junior Executive,SEARCH INDEX PTE. LTD.,2600,1800,Monthly,0,Closed,"Assistant Engineer, Procurement & Asset Management (No Exp Welcome)",2200
"[{""id"":2,""category"":""Admin / Secretarial""}]",Permanent,7/5/23,FALSE,MCF-2023-0273690,7/4/23,7/4/23,0,53,412,1,1,,Junior Executive,CELLTRION ASIA PACIFIC PTE. LTD.,4000,2500,Monthly,0,Closed,Business Administration Executive,3250
"[{""id"":21,""category"":""Information Technology""}]",Contract,7/5/23,FALSE,MCF-2023-0273564,7/4/23,7/4/23,0,27,166,1,1,,Executive,STEENBOK PTE LTD,4000,2500,Monthly,0,Closed,Cyber Security Engineer,3250
"[{""id"":1,""category"":""Accounting / Auditing / Taxation""},{""id"":5,""category"":""Banking and Finance""},{""id"":7,""category"":""Consulting""}]",Permanent,7/5/23,FALSE,MCF-2023-0273691,7/4/23,7/4/23,0,0,51,1,1,,Executive,SEARCH INDEX PTE. LTD.,3300,2000,Monthly,0,Closed,Accounts Executive (Full Set),2650
"[{""id"":11,""category"":""Engineering""}]",Permanent,7/5/23,FALSE,MCF-2023-0273468,7/4/23,7/4/23,0,1,48,6,1,,Senior Executive,THE SUPREME HR ADVISORY PTE. LTD.,6000,4000,Monthly,0,Closed,Senior Mechanical Design Engineer (Automation Industry /Woodlands) 0809,5000
"[{""id"":2,""category"":""Admin / Secretarial""},{""id"":5,""category"":""Banking and Finance""}]",Permanent,28/4/23,FALSE,MCF-2023-0273630,7/4/23,7/4/23,0,23,227,5,1,,Executive,ADECCO PERSONNEL PTE LTD,7000,5000,Monthly,0,Closed,Team Admin Assistant (Bank | Up to 7K),6000
"[{""id"":17,""category"":""General Work""}]",Permanent,7/5/23,FALSE,MCF-2023-0273616,7/4/23,7/4/23,0,50,334,1,2,,Non-executive,SEARCH PERSONNEL PRIVATE LIMITED,4500,2500,Monthly,0,Closed,Personal Driver/Chauffeur/Family Driver,3500
"[{""id"":1,""category"":""Accounting / Auditing / Taxation""}]",Permanent,14/4/23,FALSE,MCF-2023-0215422,7/4/23,18/3/23,2,4,71,1,1,,Executive,PEOPLE PROFILERS PTE. LTD.,3500,3000,Monthly,0,Closed,Accounts Executive (Full Sets),3250
"[{""id"":2,""category"":""Admin / Secretarial""}]",Part Time,7/5/23,FALSE,MCF-2023-0273472,7/4/23,7/4/23,0,79,892,4,1,,Junior Executive,WANG & PARTNERS MANAGEMENT SERVICES,1700,1400,Monthly,0,Closed,Admin Assistant,1550
"[{""id"":2,""category"":""Admin / Secretarial""}]",Contract,14/4/23,FALSE,MCF-2023-0273684,7/4/23,7/4/23,0,0,40,1,20,,Fresh/entry level,APBA TG HUMAN RESOURCE PTE. LTD.,2000,1900,Monthly,0,Closed,Temp Administrative Assistant II $11.50 per hour II 3 - 6 Months,1950
"[{""id"":11,""category"":""Engineering""}]",Contract,7/5/23,FALSE,MCF-2023-0273607,7/4/23,7/4/23,0,3,88,5,2,,Professional,NES GLOBAL PTE. LTD.,5500,3500,Monthly,0,Closed,Senior Instrument Engineer,4500
"[{""id"":3,""category"":""Advertising / Media""},{""id"":35,""category"":""Sales / Retail""}]",Part Time,7/5/23,FALSE,MCF-2022-0917256,7/4/23,22/11/22,2,31,444,1,1,,Fresh/entry level,ADITI CHIVATE PHOTOGRAPHY,1000,700,Monthly,0,Closed,Digital Marketing & Sales Intern - Work From Home,850
"[{""id"":18,""category"":""Healthcare / Pharmaceutical""},{""id"":27,""category"":""Medical / Therapy Services""}]",Permanent,14/4/23,FALSE,MCF-2023-0215420,7/4/23,18/3/23,2,0,44,1,1,,Junior Executive,PEOPLE PROFILERS PTE. LTD.,5000,2500,Monthly,0,Closed,Optometrist - Eye Clinic (5.5 days),3750
"[{""id"":11,""category"":""Engineering""},{""id"":21,""category"":""Information Technology""},{""id"":25,""category"":""Manufacturing""},{""id"":31,""category"":""Purchasing / Merchandising""},{""id"":41,""category"":""Others""}]",Permanent,28/4/23,FALSE,MCF-2023-0054709,7/4/23,20/1/23,2,2,117,1,2,,Senior Executive,RECRUITFLASH PTE. LTD.,5000,3000,Monthly,0,Closed,Site Engineer,4000
"[{""id"":11,""category"":""Engineering""},{""id"":16,""category"":""General Management""},{""id"":21,""category"":""Information Technology""}]",Full Time,21/4/23,FALSE,MCF-2023-0273561,7/4/23,7/4/23,0,26,214,5,1,,Manager,BINARY TECHNOLOGY DEVELOPMENT PTE. LTD.,18000,14000,Monthly,0,Closed,Incident Manager,16000
"[{""id"":10,""category"":""Education and Training""}]",Permanent,7/5/23,FALSE,MCF-2023-0273556,7/4/23,7/4/23,0,0,75,3,1,,Executive,PEOPLE PROFILERS PTE. LTD.,3700,3300,Monthly,0,Closed,Infant Educarer (Education/3.7k/5 days),3500
"[{""id"":1,""category"":""Accounting / Auditing / Taxation""},{""id"":17,""category"":""General Work""},{""id"":18,""category"":""Healthcare / Pharmaceutical""}]",Permanent,8/7/23,FALSE,MCF-2023-0273595,8/6/23,7/4/23,2,32,614,1,2,,Non-executive,ONECARE PLUS PTE. LTD.,3300,1800,Monthly,0,Re-open,Accounts Executive/Assistant,2550
"[{""id"":36,""category"":""Sciences / Laboratory / R&D""}]",Permanent,14/4/23,FALSE,MCF-2023-0236806,7/4/23,24/3/23,1,12,168,3,1,,Senior Executive,PEOPLE PROFILERS PTE. LTD.,5500,3000,Monthly,0,Closed,Lab Analyst (Petrochemical / Chemical),4250
"[{""id"":18,""category"":""Healthcare / Pharmaceutical""},{""id"":27,""category"":""Medical / Therapy Services""},{""id"":29,""category"":""Professional Services""}]",Permanent,7/5/23,FALSE,MCF-2022-1012940,7/4/23,27/12/22,2,3,140,1,1,,Executive,ONECARE PLUS PTE. LTD.,5000,3000,Monthly,0,Closed,Radiographer,4000
"[{""id"":1,""category"":""Accounting / Auditing / Taxation""}]",Permanent,15/5/23,FALSE,MCF-2023-0153368,15/4/23,25/2/23,2,3,61,1,1,,Executive,PEOPLE PROFILERS PTE. LTD.,3500,2800,Monthly,0,Closed,Audit Associate (Financial Services),3150
"[{""id"":1,""category"":""Accounting / Auditing / Taxation""}]",Permanent,7/5/23,FALSE,MCF-2023-0273558,7/4/23,7/4/23,0,5,88,2,1,,Executive,PEOPLE PROFILERS PTE. LTD.,2800,2500,Monthly,0,Closed,Centre Admin Assistant (Education/2.8k/5 days),2650
"[{""id"":35,""category"":""Sales / Retail""}]",Full Time,21/4/23,FALSE,MCF-2023-0273645,7/4/23,7/4/23,0,7,75,6,2,,Senior Management,MISTER SEDAP PTE. LTD.,10000,6000,Monthly,0,Closed,Sales and Marketing Manager,8000
"[{""id"":11,""category"":""Engineering""},{""id"":21,""category"":""Information Technology""},{""id"":25,""category"":""Manufacturing""},{""id"":31,""category"":""Purchasing / Merchandising""},{""id"":41,""category"":""Others""}]",Permanent,21/4/23,FALSE,MCF-2023-0018964,7/4/23,8/1/23,2,2,91,1,2,,Senior Executive,RECRUITFLASH PTE. LTD.,8000,5000,Monthly,0,Closed,Site Engineer,6500
"[{""id"":8,""category"":""Customer Service""},{""id"":14,""category"":""Events / Promotions""}]",Internship/Attachment,7/5/23,FALSE,MCF-2023-0273513,7/4/23,7/4/23,0,1,49,0,10,,Fresh/entry level,THE FUN EMPIRE PTE. LTD.,1000,600,Monthly,0,Closed,Event Operations Intern,800
"[{""id"":20,""category"":""Human Resources""},{""id"":30,""category"":""Public / Civil Service""}]",Contract,7/5/23,FALSE,MCF-2023-0273554,7/4/23,7/4/23,0,6,77,2,1,,Senior Executive,RESOURCE VANTAGE,5500,3000,Monthly,0,Closed,HR Assistant Manager/ Manager (Payroll/ Compensation & Benefits),4250
"[{""id"":18,""category"":""Healthcare / Pharmaceutical""},{""id"":27,""category"":""Medical / Therapy Services""},{""id"":29,""category"":""Professional Services""}]",Permanent,7/6/23,FALSE,MCF-2023-0120576,8/5/23,14/2/23,2,7,220,1,2,,Executive,ONECARE PLUS PTE. LTD.,3500,2400,Monthly,0,Closed,Clinical Nurse,2950
"[{""id"":2,""category"":""Admin / Secretarial""},{""id"":8,""category"":""Customer Service""}]",Permanent,7/5/23,FALSE,MCF-2023-0273524,7/4/23,7/4/23,0,8,67,0,8,,Fresh/entry level,SEARCH PERSONNEL PRIVATE LIMITED,2800,2000,Monthly,0,Closed,Outbound Call Agent [Call Centre Exp Req/Office Hours/Bukit Merah],2400
"[{""id"":35,""category"":""Sales / Retail""}]",Full Time,7/5/23,FALSE,MCF-2023-0150686,7/4/23,24/2/23,1,0,100,1,1,,Middle Management,HUBBED PTE. LTD.,2400,1500,Monthly,0,Closed,Retail Associate,1950
"[{""id"":20,""category"":""Human Resources""}]",Full Time,7/5/23,FALSE,MCF-2023-0273597,7/4/23,7/4/23,0,59,408,1,1,,Junior Executive,BADALING HOLDINGS PTE. LTD.,3500,2400,Monthly,0,Closed,HR ASSISTANT,2950
"[{""id"":21,""category"":""Information Technology""}]",Contract,7/6/23,FALSE,MCF-2023-0213122,8/5/23,17/3/23,2,9,129,1,4,,Professional,RAPSYS TECHNOLOGIES PTE. LTD.,3500,2500,Monthly,0,Closed,DC Operations,3000
"[{""id"":8,""category"":""Customer Service""}]",Permanent,6/5/23,FALSE,MCF-2023-0273647,29/4/23,7/4/23,2,19,200,2,1,,Junior Executive,PEOPLE PROFILERS PTE. LTD.,3000,2000,Monthly,0,Closed,Credit Control Executive (Hybrid / WFH) **WITH COMMISSION**,2500
"[{""id"":21,""category"":""Information Technology""}]",Permanent,7/5/23,FALSE,MCF-2023-0273508,7/4/23,7/4/23,0,1,50,6,1,,Manager,PEOPLE PROFILERS PTE. LTD.,7500,6500,Monthly,0,Closed,Senior IT Application Specialist (Automotive/7.5k/West/5 days),7000
"[{""id"":35,""category"":""Sales / Retail""}]",Full Time,21/7/23,FALSE,MCF-2023-0171745,21/6/23,3/3/23,2,14,165,2,1,,Senior Executive,LYRECO (SINGAPORE) PTE. LTD.,4200,3000,Monthly,0,Re-open,Sales Executive,3600
"[{""id"":35,""category"":""Sales / Retail""}]",Part Time,7/5/23,FALSE,MCF-2023-0273542,7/4/23,7/4/23,0,6,176,3,1,,Executive,THE PRIVILEGE LABELS PTE. LTD.,2700,1500,Monthly,0,Closed,Bridal Consultant (Part-Time/Full-Time),2100
"[{""id"":21,""category"":""Information Technology""}]",Contract,7/5/23,FALSE,MCF-2023-0273549,7/4/23,7/4/23,0,1,56,3,2,,Professional,STEENBOK PTE LTD,11000,6000,Monthly,0,Closed,Avaloq Consultant,8500
"[{""id"":26,""category"":""Marketing / Public Relations""}]",Permanent,7/5/23,FALSE,MCF-2022-0922357,7/4/23,24/11/22,2,19,226,0,2,,Manager,HUBBED PTE. LTD.,5600,4000,Monthly,0,Closed,Performance Marketing Manager,4800
"[{""id"":8,""category"":""Customer Service""}]",Permanent,7/5/23,FALSE,MCF-2023-0273538,7/4/23,7/4/23,0,7,92,1,3,,Junior Executive,THE TALENT NETWORK PRIVATE LIMITED,2800,2600,Monthly,0,Closed,"Customer Service Officer ( Face To Face ) - Up To $ 2,800.00 / MNC/ Central Area, 4 Days Work Week (Include Weekend), Office Hour",2700
"[{""id"":2,""category"":""Admin / Secretarial""}]",Permanent,7/5/23,FALSE,MCF-2023-0273521,7/4/23,7/4/23,0,9,86,5,1,,Manager,PEOPLE PROFILERS PTE. LTD.,4500,4000,Monthly,0,Closed,Assistant Admin Manager (Education/4.5k/West/5 days),4250
"[{""id"":21,""category"":""Information Technology""}]",Permanent,7/5/23,FALSE,MCF-2023-0273510,7/4/23,7/4/23,0,3,64,7,1,,Manager,PEOPLE PROFILERS PTE. LTD.,11000,9000,Monthly,0,Closed,"Assistant Manager/Manager, Cyber Security (Automotive/11k/West/5 days)",10000
"[{""id"":18,""category"":""Healthcare / Pharmaceutical""}]",Permanent,7/5/23,FALSE,MCF-2023-0273544,7/4/23,7/4/23,0,0,32,3,1,,Professional,THE TALENT NETWORK PRIVATE LIMITED,5000,4800,Monthly,0,Closed,"Speech Therapist ( Welfare Organisation) - Up to $ 5,000.00 + AWS + VB / Island-wide area - 2 openings",4900
"[{""id"":21,""category"":""Information Technology""}]",Full Time,7/5/23,FALSE,MCF-2023-0187374,7/4/23,9/3/23,1,1,55,3,1,,Senior Executive,HUBBED PTE. LTD.,10000,6000,Monthly,0,Closed,Senior Network Server Engineer,8000
"[{""id"":2,""category"":""Admin / Secretarial""},{""id"":10,""category"":""Education and Training""}]",Permanent,28/4/23,FALSE,MCF-2023-0273626,7/4/23,7/4/23,0,25,186,4,1,,Manager,ADECCO PERSONNEL PTE LTD,6000,4000,Monthly,0,Closed,"English Curriculum Manager (Education | Up to $6,000)",5000
"[{""id"":2,""category"":""Admin / Secretarial""}]",Permanent,7/5/23,FALSE,MCF-2023-0273522,7/4/23,7/4/23,0,1,53,2,1,,Executive,PEOPLE PROFILERS PTE. LTD.,3500,2500,Monthly,0,Closed,Administrative Executive (Education/3.2k/West/5 days),3000
"[{""id"":11,""category"":""Engineering""}]",Full Time,7/5/23,FALSE,MCF-2023-0273612,7/4/23,7/4/23,0,16,203,0,1,,Fresh/entry level,HPC AI TECHNOLOGY PTE. LTD.,7500,5000,Monthly,0,Closed,NLP Algorithm Engineer,6250
"[{""id"":11,""category"":""Engineering""}]",Permanent,7/5/23,FALSE,MCF-2023-0273520,7/4/23,7/4/23,0,1,70,5,1,,Executive,PEOPLE PROFILERS PTE. LTD.,5500,4500,Monthly,0,Closed,Project Engineer (West/Telecommunication/5.5k/5.5 days),5000
"[{""id"":6,""category"":""Building and Construction""}]",Permanent,7/5/23,FALSE,MCF-2023-0273550,7/4/23,7/4/23,0,0,42,5,1,,Executive,PEOPLE PROFILERS PTE. LTD.,6500,5000,Monthly,0,Closed,Traffic Engineer (Construction/6.5k/West/5.5 days),5750
"[{""id"":24,""category"":""Logistics / Supply Chain""}]",Permanent,7/5/23,FALSE,MCF-2023-0273637,7/4/23,7/4/23,0,37,347,8,1,,Manager,BEATHCHAPMAN (PTE. LTD.),7000,6000,Monthly,0,Closed,Customer Service Manager,6500
"[{""id"":41,""category"":""Others""}]",Permanent,7/5/23,FALSE,MCF-2023-0273611,7/4/23,7/4/23,0,15,128,5,1,,Manager,ACHIEVE CAREER CONSULTANT PTE LTD,8500,7000,Monthly,0,Closed,"Manager, Business Analyst | Global",7750
"[{""id"":21,""category"":""Information Technology""}]",Contract,21/4/23,FALSE,MCF-2023-0273614,7/4/23,7/4/23,0,2,77,8,1,,Senior Executive,AEA INTERNATIONAL HOLDINGS PTE. LTD.,12000,10000,Monthly,0,Closed,Global Network SME,11000
"[{""id"":2,""category"":""Admin / Secretarial""},{""id"":8,""category"":""Customer Service""},{""id"":10,""category"":""Education and Training""},{""id"":20,""category"":""Human Resources""},{""id"":26,""category"":""Marketing / Public Relations""}]",Contract,7/5/23,FALSE,MCF-2023-0273606,7/4/23,7/4/23,0,4,63,0,4,,Fresh/entry level,MINDFLEX EDUCATION PTE. LTD.,1200,1000,Monthly,0,Closed,Operations & Marketing Intern (FUN Environment),1100
"[{""id"":24,""category"":""Logistics / Supply Chain""}]",Permanent,7/5/23,FALSE,MCF-2023-0273534,7/4/23,7/4/23,0,0,34,2,1,,Executive,PEOPLE PROFILERS PTE. LTD.,3100,2500,Monthly,0,Closed,Operations Executive (Engineering/3k/west/5.5 days),2800
"[{""id"":15,""category"":""F&B""}]",Part Time,7/5/23,FALSE,MCF-2023-0273531,7/4/23,7/4/23,0,20,287,2,2,,Junior Executive,LEBONHEUR PTE. LTD.,2800,2000,Monthly,0,Closed,Cafe Crew / Barista / East,2400
"[{""id"":10,""category"":""Education and Training""}]",Full Time,7/5/23,FALSE,MCF-2023-0182195,7/4/23,7/3/23,1,7,151,2,1,,Professional,CARPE DIEM @ ITE PTE. LTD.,3300,2800,Monthly,0,Closed,Preschool English Teacher needed,3050
"[{""id"":7,""category"":""Consulting""},{""id"":21,""category"":""Information Technology""}]",Full Time,7/5/23,FALSE,MCF-2023-0273511,7/4/23,7/4/23,0,47,383,4,1,,Executive,WORKFORCE OPTIMIZER PTE. LTD.,8500,6000,Monthly,0,Closed,Data Scientist,7250
"[{""id"":11,""category"":""Engineering""}]",Permanent,7/5/23,FALSE,MCF-2023-0273576,7/4/23,7/4/23,0,9,84,5,1,,Manager,PEOPLE PROFILERS PTE. LTD.,9000,8000,Monthly,0,Closed,"Manager, Aftersales (Automotive/9k/West/5 days)",8500
"[{""id"":15,""category"":""F&B""},{""id"":19,""category"":""Hospitality""}]",Full Time,7/5/23,FALSE,MCF-2023-0273670,7/4/23,7/4/23,0,2,60,1,15,,Junior Executive,MEGA SCOOP PTE. LTD.,3000,1650,Monthly,0,Closed,Full Time Crew / Shift Supervisor / Asst Outlet Manager / Outlet Manager,2325
"[{""id"":10,""category"":""Education and Training""}]",Permanent,7/5/23,FALSE,MCF-2023-0273562,7/4/23,7/4/23,0,1,42,3,1,,Executive,PEOPLE PROFILERS PTE. LTD.,4200,3600,Monthly,0,Closed,"English Teacher, Early Childhood (Education/4.2k/5 days)",3900
"[{""id"":2,""category"":""Admin / Secretarial""},{""id"":10,""category"":""Education and Training""},{""id"":20,""category"":""Human Resources""},{""id"":26,""category"":""Marketing / Public Relations""},{""id"":41,""category"":""Others""}]",Contract,7/5/23,FALSE,MCF-2023-0273605,7/4/23,7/4/23,0,6,112,0,4,,Fresh/entry level,MINDFLEX EDUCATION PTE. LTD.,3500,2500,Monthly,0,Closed,IMMEDIATE HIRING Full-Time Tuition Coordinator (Fun Environment) #SGUnitedJobs,3000
"[{""id"":17,""category"":""General Work""}]",Permanent,7/5/23,FALSE,MCF-2023-0273575,7/4/23,7/4/23,0,3,113,2,1,,Non-executive,MEGAWATTS ENGINEERING SERVICES PTE LTD,2500,1800,Monthly,0,Closed,STORE ASSISTANT,2150
"[{""id"":18,""category"":""Healthcare / Pharmaceutical""}]",Full Time,7/5/23,FALSE,MCF-2023-0075426,7/4/23,31/1/23,2,3,117,0,2,,Junior Executive,VERVENDEAVOUR (PTE.) LTD.,2200,1600,Monthly,0,Closed,CLINIC ASSISTANT INTERM,1900
"[{""id"":11,""category"":""Engineering""}]",Permanent,7/5/23,FALSE,MCF-2023-0273578,7/4/23,7/4/23,0,0,60,2,2,,Senior Executive,SEARCH PERSONNEL PRIVATE LIMITED,4000,2000,Monthly,0,Closed,Electronic Technician/Engineer (Electronics/Electrical/PCB/BOM),3000
"[{""id"":7,""category"":""Consulting""},{""id"":21,""category"":""Information Technology""},{""id"":29,""category"":""Professional Services""}]",Full Time,7/5/23,FALSE,MCF-2023-0085891,7/4/23,3/2/23,2,305,3919,2,2,,Professional,TABLEPOINTER PTE. LTD.,5000,3500,Monthly,0,Closed,Enterprise Sales,4250
"[{""id"":8,""category"":""Customer Service""},{""id"":15,""category"":""F&B""}]",Full Time,7/5/23,FALSE,MCF-2023-0273591,7/4/23,7/4/23,0,4,109,1,2,,Professional,Y&Y VIETNAM CUISINE (PTE. LTD.),7500,4500,Monthly,0,Closed,Bartender,6000
"[{""id"":5,""category"":""Banking and Finance""}]",Permanent,7/5/23,FALSE,MCF-2023-0273633,7/4/23,7/4/23,0,15,166,15,1,,Middle Management,BEATHCHAPMAN (PTE. LTD.),22000,19000,Monthly,0,Closed,"Director, Cash Management Sales, Transaction Banking",20500
"[{""id"":41,""category"":""Others""}]",Permanent,10/6/23,FALSE,MCF-2023-0273584,11/5/23,7/4/23,1,89,595,1,1,,Executive,PETROCHEMICAL CORPORATION OF SINGAPORE (PRIVATE) LIMITED,6000,4000,Monthly,0,Closed,Feedstock Procurement Officer,5000
"[{""id"":35,""category"":""Sales / Retail""}]",Permanent,7/5/23,FALSE,MCF-2023-0273600,7/4/23,7/4/23,0,4,65,3,2,,Senior Executive,SEARCH PERSONNEL PRIVATE LIMITED,7000,4000,Monthly,0,Closed,Sales Executive/Engineer (Parts/Construction Equipment/Cranes),5500
"[{""id"":21,""category"":""Information Technology""}]",Permanent,7/5/23,FALSE,MCF-2023-0273621,7/4/23,7/4/23,0,0,40,6,1,,Professional,PERSOLKELLY SINGAPORE PTE. LTD.,9500,6500,Monthly,0,Closed,Senior Network Lead (CCIE with Network designing exp )- JYK,8000
"[{""id"":2,""category"":""Admin / Secretarial""},{""id"":8,""category"":""Customer Service""}]",Permanent,7/5/23,FALSE,MCF-2023-0273557,7/4/23,7/4/23,0,8,79,0,2,,Fresh/entry level,SEARCH PERSONNEL PRIVATE LIMITED,3000,2000,Monthly,0,Closed,linic Assistant/Patient Services (Children's Clinic) - Up to $3000 Basic,2500
"[{""id"":35,""category"":""Sales / Retail""}]",Full Time,30/7/23,FALSE,MCF-2023-0273619,30/6/23,7/4/23,2,12,148,1,3,,Executive,HONEST CRAFTERS PTE. LTD.,3200,2300,Monthly,0,Re-open,Online Sales Executive,2750
"[{""id"":11,""category"":""Engineering""}]",Full Time,7/5/23,TRUE,MCF-2022-0928317,7/4/23,26/11/22,1,8,255,3,3,,Executive,L-GLOBAL CONSULTANT PTE. LTD.,4800,3300,Monthly,0,Closed,Air-Con Technician,4050
"[{""id"":42,""category"":""Wholesale Trade""}]",Full Time,14/4/23,FALSE,MCF-2023-0273617,7/4/23,7/4/23,0,1,40,2,1,,Junior Executive,PACKMAN SG PTE. LTD.,2500,2200,Monthly,0,Closed,Driver Cum Logistics,2350
"[{""id"":11,""category"":""Engineering""},{""id"":21,""category"":""Information Technology""},{""id"":25,""category"":""Manufacturing""},{""id"":31,""category"":""Purchasing / Merchandising""},{""id"":41,""category"":""Others""}]",Permanent,28/5/23,FALSE,MCF-2023-0117565,7/5/23,13/2/23,2,4,95,1,2,,Senior Executive,RECRUITFLASH PTE. LTD.,8000,5000,Monthly,0,Closed,System Designer / AV / UC / MNC Company,6500
"[{""id"":5,""category"":""Banking and Finance""},{""id"":7,""category"":""Consulting""},{""id"":21,""category"":""Information Technology""},{""id"":24,""category"":""Logistics / Supply Chain""},{""id"":41,""category"":""Others""}]",Permanent,7/5/23,FALSE,MCF-2023-0273610,7/4/23,7/4/23,0,2,77,4,1,,Professional,THE RESOLUTE HUNTER PTE. LTD.,17000,10000,Monthly,0,Closed,Commodities MNC- Openlink Endur Developer,13500
"[{""id"":1,""category"":""Accounting / Auditing / Taxation""}]",Permanent,7/5/23,FALSE,MCF-2023-0173355,7/4/23,4/3/23,1,8,422,3,1,,Executive,THE ICE CREAM & COOKIE CO. PTE. LTD.,3000,2800,Monthly,0,Closed,Accounts & Admin Executive,2900
"[{""id"":41,""category"":""Others""}]",Full Time,14/4/23,FALSE,MCF-2023-0022054,7/4/23,9/1/23,2,2,153,3,1,,Professional,ARTHESDAM JEWELLERY PTE LTD,3500,2500,Monthly,0,Closed,Goldsmith,3000
"[{""id"":4,""category"":""Architecture / Interior Design""}]",Permanent,7/5/23,FALSE,MCF-2023-0273618,7/4/23,7/4/23,0,1,42,1,2,,Junior Executive,SEARCH PERSONNEL PRIVATE LIMITED,4500,2500,Monthly,0,Closed,Architectural/Project Assistant (Building Codes/Regulations),3500
"[{""id"":35,""category"":""Sales / Retail""}]",Full Time,14/4/23,FALSE,MCF-2023-0126320,7/4/23,16/2/23,2,0,56,1,15,,Executive,ARTHESDAM JEWELLERY PTE LTD,3000,2200,Monthly,0,Closed,Sales Executive,2600
"[{""id"":2,""category"":""Admin / Secretarial""},{""id"":10,""category"":""Education and Training""},{""id"":20,""category"":""Human Resources""},{""id"":26,""category"":""Marketing / Public Relations""},{""id"":41,""category"":""Others""}]",Contract,7/5/23,FALSE,MCF-2023-0273604,7/4/23,7/4/23,0,7,101,0,4,,Fresh/entry level,MINDFLEX EDUCATION PTE. LTD.,3500,2500,Monthly,0,Closed,"IMMEDIATE HIRING Operations & Admin Executive (Education Business, Fun Environment) #SGUnitedJobs",3000
"[{""id"":10,""category"":""Education and Training""}]",Permanent,7/5/23,FALSE,MCF-2023-0273565,7/4/23,7/4/23,0,1,47,3,1,,Executive,PEOPLE PROFILERS PTE. LTD.,4000,3300,Monthly,0,Closed,Early Childhood Educator (Education/4k/5 days),3650
"[{""id"":21,""category"":""Information Technology""}]",Contract,14/4/23,FALSE,MCF-2023-0273675,7/4/23,7/4/23,0,0,25,5,1,,Senior Executive,PERSOLKELLY SINGAPORE PTE. LTD.,7000,5000,Monthly,0,Closed,Senior Systems Engineer,6000
"[{""id"":2,""category"":""Admin / Secretarial""}]",Full Time,21/4/23,FALSE,MCF-2023-0273700,7/4/23,7/4/23,0,1,22,8,3,,Manager,NEW MJ RESTAURANTS PTE. LTD.,5000,3000,Monthly,0,Closed,Senior Supervisor,4000
"[{""id"":17,""category"":""General Work""}]",Permanent,7/5/23,FALSE,MCF-2023-0273571,7/4/23,7/4/23,0,2,60,1,2,,Non-executive,SEARCH PERSONNEL PRIVATE LIMITED,2800,2000,Monthly,0,Closed,Audio Visual (AV) Installer/Technician (Training Provided),2400
"[{""id"":5,""category"":""Banking and Finance""},{""id"":21,""category"":""Information Technology""}]",Full Time,28/4/23,FALSE,MCF-2023-0273672,7/4/23,7/4/23,0,25,264,8,1,,Senior Management,ARUKAH CAPITAL PTE. LTD.,12000,8000,Monthly,0,Closed,Credit Investment Officer,10000
"[{""id"":2,""category"":""Admin / Secretarial""}]",Permanent,7/5/23,FALSE,MCF-2023-0273680,7/4/23,7/4/23,0,8,102,2,1,,Non-executive,BORNEO MOTORS (SINGAPORE) PTE. LTD.,3000,2500,Monthly,0,Closed,Automotive Claims Officer,2750
"[{""id"":41,""category"":""Others""}]",Permanent,11/6/23,FALSE,MCF-2023-0273582,12/5/23,7/4/23,2,96,1003,7,1,,Middle Management,SHOPEE SINGAPORE PRIVATE LIMITED,18000,14000,Monthly,0,Closed,"Senior Manager, Operations",16000
"[{""id"":4,""category"":""Architecture / Interior Design""},{""id"":6,""category"":""Building and Construction""}]",Full Time,7/6/23,FALSE,MCF-2023-0176339,8/5/23,6/3/23,2,5,216,1,2,,Professional,JIN MA CONSTRUCTION PTE. LTD.,4500,3500,Monthly,0,Closed,designer,4000
"[{""id"":1,""category"":""Accounting / Auditing / Taxation""}]",Permanent,4/7/23,FALSE,MCF-2023-0273601,4/6/23,7/4/23,2,9,282,2,1,,Executive,COSMOPOLIS HOLDINGS PTE. LTD.,3000,2600,Monthly,0,Re-open,Accounts Executive,2800
"[{""id"":2,""category"":""Admin / Secretarial""}]",Part Time,7/5/23,FALSE,MCF-2023-0273624,7/4/23,7/4/23,0,36,336,5,1,,Non-executive,I PLUS Q HUMAN RESOURCES PTE LTD,2800,2500,Monthly,0,Closed,Secretary (Part-time / MNC),2650
"[{""id"":2,""category"":""Admin / Secretarial""}]",Full Time,21/4/23,FALSE,MCF-2023-0273693,7/4/23,7/4/23,0,22,175,6,2,,Senior Management,NEW MJ RESTAURANTS PTE. LTD.,10000,6000,Monthly,0,Closed,Finance and Administrative Manager,8000
"[{""id"":16,""category"":""General Management""},{""id"":17,""category"":""General Work""},{""id"":35,""category"":""Sales / Retail""}]",Full Time,21/4/23,TRUE,MCF-2023-0273404,7/4/23,7/4/23,0,4,65,3,1,,Non-executive,SANNET MANPOWER SERVICES,4300,2800,Monthly,0,Closed,SHOP SALES EXECUTIVE,3550
"[{""id"":13,""category"":""Environment / Health""},{""id"":18,""category"":""Healthcare / Pharmaceutical""},{""id"":27,""category"":""Medical / Therapy Services""}]",Permanent,7/5/23,FALSE,MCF-2023-0273453,7/4/23,7/4/23,0,0,30,2,1,,Professional,ABER CARE PTE. LTD.,4200,2800,Monthly,0,Closed,Staff Nurse -Dermatology Clinic | 5.5 days,3500
"[{""id"":13,""category"":""Environment / Health""}]",Permanent,9/7/23,FALSE,MCF-2023-0273382,9/6/23,7/4/23,1,27,293,3,3,,Executive,ENGIE SERVICES SINGAPORE PTE. LTD.,5500,3500,Monthly,0,Re-open,EHS Officer,4500
"[{""id"":13,""category"":""Environment / Health""},{""id"":18,""category"":""Healthcare / Pharmaceutical""},{""id"":27,""category"":""Medical / Therapy Services""}]",Full Time,7/5/23,FALSE,MCF-2023-0273421,7/4/23,7/4/23,0,0,58,2,1,,Professional,ABER CARE PTE. LTD.,1800,1600,Monthly,0,Closed,Nursing Aide ( Home Care/ Stay Out),1700
"[{""id"":24,""category"":""Logistics / Supply Chain""}]",Permanent,7/5/23,FALSE,MCF-2023-0273462,7/4/23,7/4/23,0,0,47,1,1,,Junior Executive,THE SUPREME HR ADVISORY PTE. LTD.,2400,2000,Monthly,0,Closed,Warehouse Assistant (Kaki Bukit / Forklift) 0809,2200
"[{""id"":24,""category"":""Logistics / Supply Chain""}]",Permanent,7/5/23,FALSE,MCF-2023-0273463,7/4/23,7/4/23,0,0,40,1,1,,Executive,THE SUPREME HR ADVISORY PTE. LTD.,2400,1800,Monthly,0,Closed,Storekeeper (5.5days / Redhill / Microsoft) 0809,2100
"[{""id"":10,""category"":""Education and Training""},{""id"":20,""category"":""Human Resources""}]",Permanent,27/5/23,FALSE,MCF-2023-0273469,27/4/23,7/4/23,1,193,1250,11,1,,Senior Management,EMBER RECRUITMENT PTE. LTD.,18000,15000,Monthly,0,Closed,Director (Education/ Training & Development),16500
"[{""id"":24,""category"":""Logistics / Supply Chain""}]",Permanent,7/5/23,FALSE,MCF-2023-0273465,7/4/23,7/4/23,0,2,51,3,1,,Junior Executive,THE SUPREME HR ADVISORY PTE. LTD.,4200,2800,Monthly,0,Closed,Senior Shipping Executive (Tai Seng) 0809,3500
"[{""id"":13,""category"":""Environment / Health""},{""id"":18,""category"":""Healthcare / Pharmaceutical""},{""id"":27,""category"":""Medical / Therapy Services""}]",Permanent,7/5/23,FALSE,MCF-2023-0273429,7/4/23,7/4/23,0,3,37,1,1,,Non-executive,ABER CARE PTE. LTD.,2200,1600,Monthly,0,Closed,Care Support Associate- Senior Care Center ( Mon to Fri ),1900
"[{""id"":8,""category"":""Customer Service""}]",Full Time,21/4/23,TRUE,MCF-2023-0273459,7/4/23,7/4/23,0,8,82,3,2,,Middle Management,EZ EMPLOYMENT PTE. LTD.,4500,3500,Monthly,0,Closed,Operations Supervisor,4000
"[{""id"":1,""category"":""Accounting / Auditing / Taxation""}]",Permanent,7/5/23,FALSE,MCF-2023-0273567,7/4/23,7/4/23,0,5,78,6,1,,Senior Executive,PEOPLE PROFILERS PTE. LTD.,7200,6500,Monthly,0,Closed,Senior Accountant (7.2k / west / 5 days/contract),6850
"[{""id"":18,""category"":""Healthcare / Pharmaceutical""}]",Full Time,7/6/23,FALSE,MCF-2023-0178893,8/5/23,6/3/23,2,65,680,0,2,,Junior Executive,VERVENDEAVOUR (PTE.) LTD.,2500,1600,Monthly,0,Closed,phlebotomist intern,2050
"[{""id"":13,""category"":""Environment / Health""},{""id"":15,""category"":""F&B""},{""id"":18,""category"":""Healthcare / Pharmaceutical""}]",Full Time,7/5/23,FALSE,MCF-2023-0273452,7/4/23,7/4/23,0,1,38,2,1,,Manager,ABER CARE PTE. LTD.,3500,3000,Monthly,0,Closed,Kitchen Supervisor ( Nursing Home ),3250
"[{""id"":20,""category"":""Human Resources""}]",Permanent,7/5/23,FALSE,MCF-2023-0273535,7/4/23,7/4/23,0,4,46,5,1,,Manager,THE TALENT NETWORK PRIVATE LIMITED,7000,6500,Monthly,0,Closed,"HR Manager , Com & Ben / Performance & Rewards - $ 7,000.00 + AWS + Bonuses / Central Area",6750
"[{""id"":21,""category"":""Information Technology""},{""id"":41,""category"":""Others""}]",Permanent,7/5/23,FALSE,MCF-2023-0273467,7/4/23,7/4/23,0,1,63,1,1,,Junior Executive,THE SUPREME HR ADVISORY PTE. LTD.,2600,2300,Monthly,0,Closed,IT Support Engineer L1 (MST) (Redhill) 0809,2450
"[{""id"":2,""category"":""Admin / Secretarial""}]",Contract,14/4/23,FALSE,MCF-2023-0273686,7/4/23,7/4/23,0,1,45,1,20,,Fresh/entry level,APBA TG HUMAN RESOURCE PTE. LTD.,2000,1900,Monthly,0,Closed,Temp Admin Assistant II $11.50 per hour II 6 Months - 1 Year,1950
"[{""id"":6,""category"":""Building and Construction""},{""id"":11,""category"":""Engineering""},{""id"":17,""category"":""General Work""},{""id"":25,""category"":""Manufacturing""},{""id"":33,""category"":""Repair and Maintenance""}]",Contract,16/5/23,FALSE,MCF-2023-0273413,16/4/23,7/4/23,2,1,78,5,1,,Fresh/entry level,WORKSTONE PTE. LTD.,2800,2000,Monthly,0,Closed,"Technician, Module - Up to $2.800 | Tuas  South| Entry Level",2400
"[{""id"":8,""category"":""Customer Service""}]",Full Time,21/4/23,TRUE,MCF-2023-0273460,7/4/23,7/4/23,0,34,381,3,2,,Middle Management,EZ EMPLOYMENT PTE. LTD.,4500,3200,Monthly,0,Closed,Customer Service Executive,3850
"[{""id"":21,""category"":""Information Technology""}]",Full Time,21/4/23,FALSE,MCF-2023-0273673,7/4/23,7/4/23,0,9,131,8,1,,Non-executive,DELL GLOBAL B.V. (SINGAPORE BRANCH),20000,10000,Monthly,0,Closed,Peripheral Principal Development Manager,15000
"[{""id"":2,""category"":""Admin / Secretarial""}]",Full Time,21/4/23,FALSE,MCF-2023-0273694,7/4/23,7/4/23,0,2,37,8,3,,Manager,NEW MJ RESTAURANTS PTE. LTD.,5000,3000,Monthly,0,Closed,Supervisor,4000
"[{""id"":2,""category"":""Admin / Secretarial""},{""id"":8,""category"":""Customer Service""},{""id"":17,""category"":""General Work""},{""id"":18,""category"":""Healthcare / Pharmaceutical""}]",Part Time,7/5/23,FALSE,MCF-2023-0181827,7/4/23,7/3/23,1,26,263,0,2,,Fresh/entry level,ALLSMILES DENTAL CARE BEDOK PTE. LTD.,3000,1500,Monthly,0,Closed,Dental Surgery Assistant,2250
"[{""id"":8,""category"":""Customer Service""},{""id"":15,""category"":""F&B""},{""id"":19,""category"":""Hospitality""},{""id"":35,""category"":""Sales / Retail""}]",Part Time,12/7/23,FALSE,MCF-2023-0273692,12/6/23,7/4/23,2,9,205,0,2,,Non-executive,THE CELLAR DOOR PTE LTD,3800,2200,Monthly,0,Re-open,Retail Executive- FNB ( Full/ Part time),3000
"[{""id"":19,""category"":""Hospitality""}]",Permanent,7/5/23,FALSE,MCF-2023-0273678,7/4/23,7/4/23,0,5,129,1,1,,Fresh/entry level,BEVERLY HOTEL PTE. LTD.,2000,1800,Monthly,0,Closed,Hotel Guest Service Officer,1900
"[{""id"":7,""category"":""Consulting""},{""id"":11,""category"":""Engineering""},{""id"":21,""category"":""Information Technology""},{""id"":29,""category"":""Professional Services""},{""id"":39,""category"":""Telecommunications""}]",Contract,7/5/23,FALSE,MCF-2023-0273699,7/4/23,7/4/23,0,4,92,1,1,,Professional,ERP21 PTE LTD,6500,4500,Monthly,0,Closed,System Engineer (Telecommunication),5500
"[{""id"":2,""category"":""Admin / Secretarial""}]",Full Time,7/5/23,FALSE,MCF-2023-0273697,7/4/23,7/4/23,0,47,323,0,1,,Fresh/entry level,UPTAS LEARNING (BISHAN) PRIVATE LIMITED,4000,2700,Monthly,0,Closed,Admin & Customer Service Officer,3350
"[{""id"":8,""category"":""Customer Service""},{""id"":9,""category"":""Design""},{""id"":33,""category"":""Repair and Maintenance""},{""id"":35,""category"":""Sales / Retail""},{""id"":41,""category"":""Others""}]",Full Time,21/4/23,FALSE,MCF-2023-0273683,7/4/23,7/4/23,0,1,52,1,1,,Non-executive,RENTADELLA PTE. LTD.,2500,2000,Monthly,0,Closed,Retail Operations Associate (must be able to sew!),2250
"[{""id"":2,""category"":""Admin / Secretarial""}]",Full Time,21/4/23,FALSE,MCF-2023-0273674,7/4/23,7/4/23,0,3,39,6,2,,Middle Management,NEW MJ RESTAURANTS PTE. LTD.,10000,6000,Monthly,0,Closed,Assistant Manager,8000
"[{""id"":21,""category"":""Information Technology""}]",Contract,14/4/23,FALSE,MCF-2023-0273671,7/4/23,7/4/23,0,0,66,3,1,,Senior Executive,PERSOLKELLY SINGAPORE PTE. LTD.,7000,5000,Monthly,0,Closed,Senior Software Engineer,6000
"[{""id"":2,""category"":""Admin / Secretarial""},{""id"":8,""category"":""Customer Service""}]",Permanent,7/5/23,FALSE,MCF-2023-0273530,7/4/23,7/4/23,0,2,84,0,8,,Fresh/entry level,SEARCH PERSONNEL PRIVATE LIMITED,2900,2000,Monthly,0,Closed,Learning Centre Admin/Receptionist (Customer Service/Retail Hours/Allowances Provided),2450
"[{""id"":3,""category"":""Advertising / Media""}]",Full Time,21/4/23,FALSE,MCF-2023-0273688,7/4/23,7/4/23,0,7,112,6,2,,Senior Management,NEW MJ RESTAURANTS PTE. LTD.,10000,6000,Monthly,0,Closed,Advertising Sales Manager,8000
"[{""id"":2,""category"":""Admin / Secretarial""},{""id"":20,""category"":""Human Resources""}]",Contract,14/4/23,FALSE,MCF-2023-0273679,7/4/23,7/4/23,0,0,35,2,5,,Executive,APBA TG HUMAN RESOURCE PTE. LTD.,3850,3000,Monthly,0,Closed,Talent Acquisition Specialist II East II up to $3850 per month,3425
"[{""id"":13,""category"":""Environment / Health""},{""id"":18,""category"":""Healthcare / Pharmaceutical""},{""id"":27,""category"":""Medical / Therapy Services""}]",Full Time,7/5/23,FALSE,MCF-2023-0273438,7/4/23,7/4/23,0,1,188,2,1,,Professional,ABER CARE PTE. LTD.,2400,1600,Monthly,0,Closed,Nursing Aide ( Hospital ),2000
"[{""id"":13,""category"":""Environment / Health""},{""id"":18,""category"":""Healthcare / Pharmaceutical""},{""id"":27,""category"":""Medical / Therapy Services""}]",Permanent,7/5/23,FALSE,MCF-2023-0273432,7/4/23,7/4/23,0,2,81,1,1,,Non-executive,ABER CARE PTE. LTD.,2200,1800,Monthly,0,Closed,Healthcare Assistant ( Home Care ),2000
"[{""id"":11,""category"":""Engineering""},{""id"":21,""category"":""Information Technology""},{""id"":24,""category"":""Logistics / Supply Chain""},{""id"":25,""category"":""Manufacturing""},{""id"":33,""category"":""Repair and Maintenance""}]",Permanent,7/5/23,FALSE,MCF-2023-0273696,7/4/23,7/4/23,0,1,59,0,1,,Junior Executive,SEARCH INDEX PTE. LTD.,2600,1800,Monthly,0,Closed,Warehouse Assistant (Class 3 Driving License),2200
"[{""id"":13,""category"":""Environment / Health""},{""id"":18,""category"":""Healthcare / Pharmaceutical""},{""id"":27,""category"":""Medical / Therapy Services""}]",Permanent,7/5/23,FALSE,MCF-2023-0273450,7/4/23,7/4/23,0,1,31,2,1,,Professional,ABER CARE PTE. LTD.,4200,2800,Monthly,0,Closed,Staff Nurse - Adult Autism Setting,3500
"[{""id"":2,""category"":""Admin / Secretarial""},{""id"":16,""category"":""General Management""}]",Contract,21/4/23,FALSE,MCF-2023-0273681,7/4/23,7/4/23,0,2,59,2,2,,Junior Executive,APBA TG HUMAN RESOURCE PTE. LTD.,3450,3400,Monthly,0,Closed,Executive (Scholarship Administration) II $3450 per month II Contract,3425
"[{""id"":2,""category"":""Admin / Secretarial""},{""id"":5,""category"":""Banking and Finance""},{""id"":18,""category"":""Healthcare / Pharmaceutical""},{""id"":20,""category"":""Human Resources""}]",Permanent,7/5/23,FALSE,MCF-2023-0273444,7/4/23,7/4/23,0,9,73,2,1,,Executive,ABER CARE PTE. LTD.,3500,2500,Monthly,0,Closed,HR Executive | Senior Care Centre,3000
"[{""id"":13,""category"":""Environment / Health""},{""id"":18,""category"":""Healthcare / Pharmaceutical""},{""id"":27,""category"":""Medical / Therapy Services""}]",Permanent,7/5/23,FALSE,MCF-2023-0273454,7/4/23,7/4/23,0,3,54,5,1,,Professional,ABER CARE PTE. LTD.,5500,3200,Monthly,0,Closed,Senior Staff Nurse| Clinical Quality & Infection Control ( Office Hour),4350
"[{""id"":13,""category"":""Environment / Health""},{""id"":18,""category"":""Healthcare / Pharmaceutical""},{""id"":27,""category"":""Medical / Therapy Services""}]",Permanent,7/5/23,FALSE,MCF-2023-0273427,7/4/23,7/4/23,0,0,42,2,1,,Non-executive,ABER CARE PTE. LTD.,2300,1600,Monthly,0,Closed,Care Programme Coordinator - Healthcare ( Office Hour ),1950
"[{""id"":13,""category"":""Environment / Health""},{""id"":18,""category"":""Healthcare / Pharmaceutical""},{""id"":27,""category"":""Medical / Therapy Services""}]",Permanent,7/5/23,FALSE,MCF-2023-0273451,7/4/23,7/4/23,0,1,50,1,1,,Professional,ABER CARE PTE. LTD.,4000,2800,Monthly,0,Closed,Cardiac Technician ( Clinic | 5.5 work days | Office Hour ),3400
"[{""id"":13,""category"":""Environment / Health""},{""id"":18,""category"":""Healthcare / Pharmaceutical""},{""id"":27,""category"":""Medical / Therapy Services""}]",Permanent,7/5/23,FALSE,MCF-2023-0273434,7/4/23,7/4/23,0,0,31,2,1,,Professional,ABER CARE PTE. LTD.,4000,2800,Monthly,0,Closed,Staff Nurse - Disability Home,3400
"[{""id"":13,""category"":""Environment / Health""},{""id"":18,""category"":""Healthcare / Pharmaceutical""},{""id"":27,""category"":""Medical / Therapy Services""}]",Contract,7/5/23,FALSE,MCF-2023-0273441,7/4/23,7/4/23,0,1,34,1,1,,Executive,ABER CARE PTE. LTD.,2600,2200,Monthly,0,Closed,WELFARE HOME- PROGRAMME EXECUTIVE,2400
"[{""id"":13,""category"":""Environment / Health""},{""id"":18,""category"":""Healthcare / Pharmaceutical""},{""id"":27,""category"":""Medical / Therapy Services""}]",Permanent,7/5/23,FALSE,MCF-2023-0273425,7/4/23,7/4/23,0,1,33,2,1,,Non-executive,ABER CARE PTE. LTD.,2300,1600,Monthly,0,Closed,Therapy Assistant - Senior Care Centre ( Office hour ),1950
"[{""id"":2,""category"":""Admin / Secretarial""},{""id"":8,""category"":""Customer Service""}]",Permanent,7/5/23,FALSE,MCF-2023-0273458,7/4/23,7/4/23,0,7,116,1,1,,Junior Executive,THE SUPREME HR ADVISORY PTE. LTD.,3000,2200,Monthly,0,Closed,Operation Executive ( School Bus Service / Admin / Customer Service) 0809,2600
"[{""id"":13,""category"":""Environment / Health""},{""id"":18,""category"":""Healthcare / Pharmaceutical""},{""id"":27,""category"":""Medical / Therapy Services""}]",Permanent,7/5/23,FALSE,MCF-2023-0273455,7/4/23,7/4/23,0,1,32,3,1,,Manager,ABER CARE PTE. LTD.,8000,5000,Monthly,0,Closed,Nurse Manager - Nursing Home,6500
"[{""id"":41,""category"":""Others""}]",Permanent,21/4/23,FALSE,MCF-2023-0273402,7/4/23,7/4/23,0,2,89,1,1,,Non-executive,MAVENSIDE CONSULTING PTE. LTD.,2700,2300,Monthly,0,Closed,Florist,2500
"[{""id"":13,""category"":""Environment / Health""},{""id"":18,""category"":""Healthcare / Pharmaceutical""},{""id"":27,""category"":""Medical / Therapy Services""}]",Permanent,7/5/23,FALSE,MCF-2023-0273447,7/4/23,7/4/23,0,0,29,2,1,,Manager,ABER CARE PTE. LTD.,5500,4000,Monthly,0,Closed,Assistant Nurse Manager - Nursing Home,4750
"[{""id"":13,""category"":""Environment / Health""},{""id"":18,""category"":""Healthcare / Pharmaceutical""},{""id"":27,""category"":""Medical / Therapy Services""}]",Temporary,7/5/23,FALSE,MCF-2023-0273439,7/4/23,7/4/23,0,1,60,2,1,,Professional,ABER CARE PTE. LTD.,4200,2500,Monthly,0,Closed,Locum Staff Nurse - Senior Care Centre | 3 days a week| Office hour,3350
"[{""id"":13,""category"":""Environment / Health""},{""id"":18,""category"":""Healthcare / Pharmaceutical""},{""id"":27,""category"":""Medical / Therapy Services""}]",Permanent,7/5/23,FALSE,MCF-2023-0273428,7/4/23,7/4/23,0,0,32,2,1,,Professional,ABER CARE PTE. LTD.,3000,1800,Monthly,0,Closed,Dental Assistant,2400
"[{""id"":13,""category"":""Environment / Health""},{""id"":18,""category"":""Healthcare / Pharmaceutical""},{""id"":27,""category"":""Medical / Therapy Services""}]",Part Time,7/5/23,FALSE,MCF-2023-0273437,7/4/23,7/4/23,0,0,52,2,1,,Professional,ABER CARE PTE. LTD.,4000,2800,Monthly,0,Closed,Staff Nurse - GP Clinic,3400
"[{""id"":13,""category"":""Environment / Health""},{""id"":18,""category"":""Healthcare / Pharmaceutical""},{""id"":27,""category"":""Medical / Therapy Services""}]",Permanent,7/5/23,FALSE,MCF-2023-0273448,7/4/23,7/4/23,0,1,23,2,1,,Professional,ABER CARE PTE. LTD.,4500,2800,Monthly,0,Closed,Staff Nurse - Orthopedic specialist Clinic | Central,3650
"[{""id"":8,""category"":""Customer Service""},{""id"":13,""category"":""Environment / Health""},{""id"":18,""category"":""Healthcare / Pharmaceutical""},{""id"":27,""category"":""Medical / Therapy Services""}]",Permanent,7/5/23,FALSE,MCF-2023-0273430,7/4/23,7/4/23,0,1,36,2,1,,Non-executive,ABER CARE PTE. LTD.,2400,2200,Monthly,0,Closed,Activity Coordinator | Healthcare (Mon to Fri |  East | Central ),2300
"[{""id"":6,""category"":""Building and Construction""},{""id"":11,""category"":""Engineering""},{""id"":43,""category"":""Precision Engineering""}]",Permanent,16/5/23,FALSE,MCF-2023-0273394,16/4/23,7/4/23,2,2,72,3,1,,Non-executive,WORKSTONE PTE. LTD.,4500,3000,Monthly,0,Closed,"Quantity Surveyor, M&E - Changi | Up to $4,500",3750
"[{""id"":13,""category"":""Environment / Health""},{""id"":18,""category"":""Healthcare / Pharmaceutical""},{""id"":27,""category"":""Medical / Therapy Services""}]",Full Time,7/5/23,FALSE,MCF-2023-0273433,7/4/23,7/4/23,0,0,19,2,1,,Professional,ABER CARE PTE. LTD.,4200,2800,Monthly,0,Closed,Senior Staff Nurse ( Cardiology Specialist Clinic ) 5.5 days,3500
"[{""id"":8,""category"":""Customer Service""},{""id"":13,""category"":""Environment / Health""},{""id"":18,""category"":""Healthcare / Pharmaceutical""},{""id"":29,""category"":""Professional Services""}]",Permanent,7/5/23,FALSE,MCF-2023-0273456,7/4/23,7/4/23,0,1,37,1,1,,Non-executive,ABER CARE PTE. LTD.,2500,1500,Monthly,0,Closed,"Operations Associate, Transport & Facilities (Residential Care)",2000
"[{""id"":15,""category"":""F&B""}]",Full Time,21/4/23,FALSE,MCF-2023-0273386,7/4/23,7/4/23,0,5,54,5,1,,Executive,CUBA LIBRE PRIVATE LIMITED,4500,3800,Monthly,0,Closed,HEAD CHEF,4150
"[{""id"":17,""category"":""General Work""},{""id"":25,""category"":""Manufacturing""}]",Part Time,14/7/23,FALSE,MCF-2023-0273388,14/6/23,7/4/23,2,10,255,0,2,,Non-executive,EVERGLADES PTE. LTD.,2200,1800,Monthly,0,Re-open,Dessert Manufacturing Crew,2000
"[{""id"":1,""category"":""Accounting / Auditing / Taxation""},{""id"":25,""category"":""Manufacturing""},{""id"":29,""category"":""Professional Services""}]",Permanent,7/5/23,FALSE,MCF-2023-0273403,7/4/23,7/4/23,0,18,129,6,1,,Manager,RECRUIT LYNC PTE. LTD.,7300,6500,Monthly,0,Closed,(C) Credit Controller Manager (AR Accounts / FMCG Experience ),6900
"[{""id"":8,""category"":""Customer Service""},{""id"":12,""category"":""Entertainment""},{""id"":14,""category"":""Events / Promotions""},{""id"":16,""category"":""General Management""},{""id"":28,""category"":""Personal Care / Beauty""}]",Full Time,21/4/23,FALSE,MCF-2023-0273405,7/4/23,7/4/23,0,0,58,5,1,,Junior Executive,CRYSTAL BELL KTV NIGHTCLUB,4500,2800,Monthly,0,Closed,Performing Artiste Manager,3650
"[{""id"":21,""category"":""Information Technology""}]",Permanent,7/5/23,FALSE,MCF-2023-0273615,7/4/23,7/4/23,0,4,70,1,2,,Junior Executive,SEARCH PERSONNEL PRIVATE LIMITED,4500,3000,Monthly,0,Closed,IT System Engineer (1 Year Contract-Convertible/Exp in Windows Server),3750
"[{""id"":7,""category"":""Consulting""},{""id"":8,""category"":""Customer Service""},{""id"":21,""category"":""Information Technology""},{""id"":35,""category"":""Sales / Retail""},{""id"":41,""category"":""Others""}]",Contract,7/5/23,FALSE,MCF-2023-0273393,7/4/23,7/4/23,0,4,68,0,2,,Executive,J MAX SOLUTIONS,3000,2000,Monthly,0,Closed,Sales Executive/Telesales Executive/Telemarketer,2500
"[{""id"":11,""category"":""Engineering""},{""id"":17,""category"":""General Work""},{""id"":25,""category"":""Manufacturing""},{""id"":33,""category"":""Repair and Maintenance""},{""id"":39,""category"":""Telecommunications""}]",Contract,16/5/23,FALSE,MCF-2023-0273411,16/4/23,7/4/23,2,0,73,0,1,,Non-executive,WORKSTONE PTE. LTD.,3000,1600,Monthly,0,Closed,"Technician, Cell - Tuas South |Entry Level | Up $2,800",2300
"[{""id"":11,""category"":""Engineering""},{""id"":33,""category"":""Repair and Maintenance""},{""id"":43,""category"":""Precision Engineering""}]",Permanent,19/6/23,FALSE,MCF-2023-0273414,20/5/23,7/4/23,2,2,60,2,3,,Non-executive,WORKSTONE PTE. LTD.,3000,2000,Monthly,0,Closed,"QA Inspector - Boon Lay |Rotating Shift|  Up to $2,400",2500
"[{""id"":2,""category"":""Admin / Secretarial""},{""id"":8,""category"":""Customer Service""}]",Permanent,7/5/23,FALSE,MCF-2023-0273417,7/4/23,7/4/23,0,4,149,2,1,,Junior Executive,EVERGLADES PTE. LTD.,2900,2200,Monthly,0,Closed,Operations Associate/Executive,2550
"[{""id"":5,""category"":""Banking and Finance""},{""id"":21,""category"":""Information Technology""}]",Contract,7/5/23,FALSE,MCF-2023-0273383,7/4/23,7/4/23,0,20,237,2,1,,Professional,A-IT SOFTWARE SERVICES PTE LTD,6500,5000,Monthly,0,Closed,Business Analyst (Bank) (UAT) (JT),5750
"[{""id"":8,""category"":""Customer Service""},{""id"":15,""category"":""F&B""},{""id"":16,""category"":""General Management""},{""id"":17,""category"":""General Work""}]",Full Time,21/4/23,TRUE,MCF-2023-0273419,7/4/23,7/4/23,0,12,74,5,1,,Executive,SANNET MANPOWER SERVICES,8000,4000,Monthly,0,Closed,SENIOR RESTAURANT AND CATERING MANAGER,6000
"[{""id"":16,""category"":""General Management""},{""id"":24,""category"":""Logistics / Supply Chain""},{""id"":25,""category"":""Manufacturing""}]",Permanent,7/5/23,FALSE,MCF-2023-0273412,7/4/23,7/4/23,0,2,67,1,1,,Junior Executive,RECRUIT LYNC PTE. LTD.,3500,2800,Monthly,0,Closed,(C) Warehouse Supervisor - Manufacturing Line / WMS System,3150
"[{""id"":6,""category"":""Building and Construction""},{""id"":11,""category"":""Engineering""},{""id"":25,""category"":""Manufacturing""},{""id"":26,""category"":""Marketing / Public Relations""},{""id"":35,""category"":""Sales / Retail""}]",Permanent,12/5/23,FALSE,MCF-2023-0265237,12/4/23,4/4/23,2,1,53,2,1,,Executive,WORKSTONE PTE. LTD.,3500,3000,Monthly,0,Closed,"Sales Executive - Tuas/Engines-Generator/Entry Level /Up $3,500",3250
"[{""id"":9,""category"":""Design""},{""id"":11,""category"":""Engineering""},{""id"":17,""category"":""General Work""},{""id"":25,""category"":""Manufacturing""},{""id"":43,""category"":""Precision Engineering""}]",Permanent,7/5/23,FALSE,MCF-2023-0273408,7/4/23,7/4/23,0,0,44,1,1,,Junior Executive,RECRUIT LYNC PTE. LTD.,2700,2000,Monthly,0,Closed,(C) [Plastic Molding] Grinding Technician,2350
"[{""id"":1,""category"":""Accounting / Auditing / Taxation""},{""id"":2,""category"":""Admin / Secretarial""},{""id"":5,""category"":""Banking and Finance""},{""id"":6,""category"":""Building and Construction""}]",Contract,12/5/23,FALSE,MCF-2023-0260440,12/4/23,3/4/23,2,2,56,0,1,,Non-executive,WORKSTONE PTE. LTD.,3500,2500,Monthly,0,Closed,"Officer, Purchasing - West | Elevator | Up to $3000",3000
"[{""id"":1,""category"":""Accounting / Auditing / Taxation""},{""id"":2,""category"":""Admin / Secretarial""},{""id"":5,""category"":""Banking and Finance""},{""id"":34,""category"":""Risk Management""},{""id"":42,""category"":""Wholesale Trade""}]",Contract,7/5/23,FALSE,MCF-2023-0273659,7/4/23,7/4/23,0,8,162,0,1,,Executive,SEARCH INDEX PTE. LTD.,3200,2500,Monthly,0,Closed,Accounts Receivable Executive (1 Year Contract) (No Exp Welcome),2850
"[{""id"":1,""category"":""Accounting / Auditing / Taxation""},{""id"":2,""category"":""Admin / Secretarial""},{""id"":7,""category"":""Consulting""},{""id"":20,""category"":""Human Resources""},{""id"":29,""category"":""Professional Services""}]",Permanent,27/5/23,FALSE,MCF-2023-0273400,27/4/23,7/4/23,2,11,139,3,1,,Manager,WORKSTONE PTE. LTD.,6500,4000,Monthly,0,Closed,"HR & Admin, Assistant Manager - Tuas |Payroll-Info-Tech Software exp| Up to $6,500",5250
"[{""id"":5,""category"":""Banking and Finance""}]",Contract,7/5/23,FALSE,MCF-2023-0273391,7/4/23,7/4/23,0,2,93,1,1,,Professional,A-IT SOFTWARE SERVICES PTE LTD,5500,4000,Monthly,0,Closed,Operations & Service Support (JT) (Bank) (Sharepoint),4750
"[{""id"":6,""category"":""Building and Construction""},{""id"":9,""category"":""Design""},{""id"":11,""category"":""Engineering""},{""id"":17,""category"":""General Work""},{""id"":41,""category"":""Others""}]",Contract,16/5/23,FALSE,MCF-2023-0273392,16/4/23,7/4/23,2,1,71,0,1,,Executive,WORKSTONE PTE. LTD.,3200,2000,Monthly,0,Closed,"Officer - Electrical Design | Diploma entry | Up to Gross $3,200",2600
"[{""id"":8,""category"":""Customer Service""},{""id"":11,""category"":""Engineering""},{""id"":17,""category"":""General Work""},{""id"":35,""category"":""Sales / Retail""},{""id"":41,""category"":""Others""}]",Contract,16/5/23,FALSE,MCF-2023-0273389,16/4/23,7/4/23,2,0,50,0,1,,Executive,WORKSTONE PTE. LTD.,3500,2000,Monthly,0,Closed,"Engineering Executive (Singapore Sales) - West | Entry welcome| Up to $3,200",2750
"[{""id"":17,""category"":""General Work""},{""id"":24,""category"":""Logistics / Supply Chain""},{""id"":25,""category"":""Manufacturing""},{""id"":41,""category"":""Others""}]",Permanent,16/5/23,FALSE,MCF-2023-0273397,16/4/23,7/4/23,2,6,668,0,1,,Non-executive,WORKSTONE PTE. LTD.,3000,1800,Monthly,0,Closed,Production Operator x 6 | Tuas,2400
"[{""id"":2,""category"":""Admin / Secretarial""},{""id"":11,""category"":""Engineering""},{""id"":17,""category"":""General Work""},{""id"":24,""category"":""Logistics / Supply Chain""},{""id"":33,""category"":""Repair and Maintenance""}]",Contract,16/5/23,FALSE,MCF-2023-0273410,16/4/23,7/4/23,2,0,61,3,1,,Non-executive,WORKSTONE PTE. LTD.,2800,1700,Monthly,0,Closed,"Logistic Assistant, Material Handler  -Tuas South | Basic $2,200 + Shift Allowance",2250
"[{""id"":1,""category"":""Accounting / Auditing / Taxation""},{""id"":2,""category"":""Admin / Secretarial""},{""id"":5,""category"":""Banking and Finance""},{""id"":7,""category"":""Consulting""},{""id"":29,""category"":""Professional Services""}]",Permanent,16/5/23,FALSE,MCF-2023-0273396,16/4/23,7/4/23,2,82,407,15,1,,Manager,WORKSTONE PTE. LTD.,15000,8000,Monthly,0,Closed,"Assistant Financial Controller- Tai Seng | Up to $10,000 (open nego)",11500
"[{""id"":5,""category"":""Banking and Finance""},{""id"":21,""category"":""Information Technology""}]",Contract,7/5/23,FALSE,MCF-2023-0273387,7/4/23,7/4/23,0,29,343,1,1,,Professional,A-IT SOFTWARE SERVICES PTE LTD,4500,4000,Monthly,0,Closed,Data Analyst (Bank) (JT) (Data Visualization),4250
"[{""id"":11,""category"":""Engineering""},{""id"":16,""category"":""General Management""},{""id"":25,""category"":""Manufacturing""}]",Permanent,7/5/23,FALSE,MCF-2023-0273406,7/4/23,7/4/23,0,0,33,1,1,,Executive,RECRUIT LYNC PTE. LTD.,2800,2400,Monthly,0,Closed,(C) Program Engineer - Manufacturing Industry [Plastic Molding],2600
"[{""id"":41,""category"":""Others""}]",Permanent,23/7/23,FALSE,MCF-2023-0273418,23/6/23,7/4/23,2,94,940,6,1,,Middle Management,SHOPEE SINGAPORE PRIVATE LIMITED,18000,14000,Monthly,0,Re-open,"Senior Manager, Business Intelligence",16000
"[{""id"":11,""category"":""Engineering""},{""id"":33,""category"":""Repair and Maintenance""},{""id"":43,""category"":""Precision Engineering""}]",Permanent,25/5/23,FALSE,MCF-2023-0273395,25/4/23,7/4/23,2,0,51,1,1,,Non-executive,WORKSTONE PTE. LTD.,2500,1600,Monthly,0,Closed,CNC Polisher - Boon Lay | Aviation | Shift work,2050
"[{""id"":20,""category"":""Human Resources""}]",Permanent,7/5/23,FALSE,MCF-2023-0273464,7/4/23,7/4/23,0,3,67,2,1,,Junior Executive,THE SUPREME HR ADVISORY PTE. LTD.,4500,3000,Monthly,0,Closed,HR Executive (Full Spectrum / Kaki Bukit) 0809,3750
"[{""id"":11,""category"":""Engineering""},{""id"":25,""category"":""Manufacturing""},{""id"":33,""category"":""Repair and Maintenance""},{""id"":39,""category"":""Telecommunications""},{""id"":43,""category"":""Precision Engineering""}]",Permanent,15/5/23,FALSE,MCF-2023-0273416,15/4/23,7/4/23,2,1,76,2,1,,Non-executive,WORKSTONE PTE. LTD.,4000,2500,Monthly,0,Closed,"QC Engineer -Pasir Ris | Up to $4,000",3250
"[{""id"":5,""category"":""Banking and Finance""}]",Contract,7/5/23,FALSE,MCF-2023-0273385,7/4/23,7/4/23,0,18,162,1,2,,Professional,A-IT SOFTWARE SERVICES PTE LTD,4000,3500,Monthly,0,Closed,Operations Processing Officer (JT) (Bank),3750
"[{""id"":11,""category"":""Engineering""},{""id"":16,""category"":""General Management""},{""id"":17,""category"":""General Work""},{""id"":25,""category"":""Manufacturing""},{""id"":33,""category"":""Repair and Maintenance""}]",Permanent,7/5/23,FALSE,MCF-2023-0273415,7/4/23,7/4/23,0,23,193,2,1,,Executive,RECRUIT LYNC PTE. LTD.,5800,3500,Monthly,0,Closed,(C) Maintenance Supervisor - Plant Utilities & Facilities,4650
"[{""id"":11,""category"":""Engineering""},{""id"":21,""category"":""Information Technology""},{""id"":39,""category"":""Telecommunications""}]",Permanent,15/5/23,FALSE,MCF-2023-0273398,15/4/23,7/4/23,2,8,85,1,1,,Executive,WORKSTONE PTE. LTD.,3800,2500,Monthly,0,Closed,"IT Executive |Tuas | up $3,800",3150
"[{""id"":33,""category"":""Repair and Maintenance""}]",Permanent,7/5/23,FALSE,MCF-2023-0273698,7/4/23,7/4/23,0,2,97,2,1,,Professional,BORNEO MOTORS (SINGAPORE) PTE. LTD.,2600,2400,Monthly,0,Closed,Automotive Technician,2500
"[{""id"":11,""category"":""Engineering""},{""id"":21,""category"":""Information Technology""},{""id"":25,""category"":""Manufacturing""},{""id"":26,""category"":""Marketing / Public Relations""}]",Permanent,12/5/23,FALSE,MCF-2023-0260954,12/4/23,3/4/23,2,6,98,2,1,,Senior Executive,WORKSTONE PTE. LTD.,6000,3000,Monthly,0,Closed,"Senior Engineer, Marketing - Boon Lay/ Aerospace/Entry Level/ Up to $6,000",4500
"[{""id"":11,""category"":""Engineering""},{""id"":33,""category"":""Repair and Maintenance""},{""id"":35,""category"":""Sales / Retail""},{""id"":41,""category"":""Others""},{""id"":43,""category"":""Precision Engineering""}]",Permanent,16/5/23,FALSE,MCF-2023-0273390,16/4/23,7/4/23,2,0,37,0,1,,Executive,WORKSTONE PTE. LTD.,3200,2000,Monthly,0,Closed,"Engineering Executive (Regional Sales) - Toh Guan|Entry level welcome |Up to $3,200",2600
"[{""id"":18,""category"":""Healthcare / Pharmaceutical""}]",Full Time,14/4/23,FALSE,MCF-2023-0220686,7/4/23,20/3/23,2,2,100,1,1,,Professional,MARYMOUNT FAMILY CLINIC PTE. LTD.,15000,12000,Monthly,0,Closed,Anchor Doctor,13500
"[{""id"":2,""category"":""Admin / Secretarial""}]",Permanent,21/4/23,FALSE,MCF-2023-0273399,7/4/23,7/4/23,0,6,115,1,1,,Non-executive,MAVENSIDE CONSULTING PTE. LTD.,2500,2000,Monthly,0,Closed,Admin Assistant [IT],2250
"[{""id"":18,""category"":""Healthcare / Pharmaceutical""},{""id"":36,""category"":""Sciences / Laboratory / R&D""}]",Permanent,22/4/23,FALSE,MCF-2023-0273641,15/4/23,7/4/23,1,13,229,1,1,,Fresh/entry level,PEOPLE PROFILERS PTE. LTD.,2200,1800,Monthly,0,Closed,Laboratory Technologist / Medical Technologist (No Experience Required),2000
"[{""id"":13,""category"":""Environment / Health""},{""id"":18,""category"":""Healthcare / Pharmaceutical""},{""id"":27,""category"":""Medical / Therapy Services""}]",Part Time,7/5/23,FALSE,MCF-2023-0273420,7/4/23,7/4/23,0,1,36,2,1,,Professional,ABER CARE PTE. LTD.,4200,3800,Monthly,0,Closed,Locum Staff Nurse | Community Hospital ( Mon to Fri ),4000
"[{""id"":11,""category"":""Engineering""}]",Contract,7/5/23,FALSE,MCF-2023-0273744,7/4/23,7/4/23,0,31,242,10,2,,Senior Executive,CONNECT ENERGY SERVICES PTE. LTD.,15000,10000,Monthly,0,Closed,Rig Maintenance Supervisor (RMS),12500
"[{""id"":13,""category"":""Environment / Health""},{""id"":17,""category"":""General Work""},{""id"":27,""category"":""Medical / Therapy Services""},{""id"":41,""category"":""Others""}]",Permanent,7/5/23,FALSE,MCF-2023-0273424,7/4/23,7/4/23,0,0,37,1,1,,Non-executive,ABER CARE PTE. LTD.,1800,1200,Monthly,0,Closed,Cleaner | Nursing Home ( Mon to Fri ),1500
"[{""id"":2,""category"":""Admin / Secretarial""},{""id"":8,""category"":""Customer Service""},{""id"":13,""category"":""Environment / Health""},{""id"":18,""category"":""Healthcare / Pharmaceutical""},{""id"":27,""category"":""Medical / Therapy Services""}]",Contract,7/5/23,FALSE,MCF-2023-0273435,7/4/23,7/4/23,0,3,53,2,1,,Professional,ABER CARE PTE. LTD.,2500,1800,Monthly,0,Closed,Clinic Assistant GP Clinic ( 5.5 days),2150
"[{""id"":13,""category"":""Environment / Health""},{""id"":18,""category"":""Healthcare / Pharmaceutical""},{""id"":27,""category"":""Medical / Therapy Services""}]",Permanent,7/5/23,FALSE,MCF-2023-0273446,7/4/23,7/4/23,0,1,32,2,1,,Professional,ABER CARE PTE. LTD.,3800,2800,Monthly,0,Closed,Staff Nurse - Migrant Medical Centre,3300
"[{""id"":13,""category"":""Environment / Health""},{""id"":18,""category"":""Healthcare / Pharmaceutical""},{""id"":27,""category"":""Medical / Therapy Services""}]",Permanent,7/5/23,FALSE,MCF-2023-0273426,7/4/23,7/4/23,0,0,24,2,1,,Professional,ABER CARE PTE. LTD.,5000,3000,Monthly,0,Closed,Radiographer -  Office Hour,4000
"[{""id"":13,""category"":""Environment / Health""},{""id"":18,""category"":""Healthcare / Pharmaceutical""},{""id"":27,""category"":""Medical / Therapy Services""}]",Permanent,7/5/23,FALSE,MCF-2023-0273440,7/4/23,7/4/23,0,0,30,2,1,,Professional,ABER CARE PTE. LTD.,4200,2800,Monthly,0,Closed,Senior Staff Nurse - Nursing Home ( AM or PM Shift only ),3500
"[{""id"":11,""category"":""Engineering""},{""id"":25,""category"":""Manufacturing""}]",Permanent,7/5/23,FALSE,MCF-2023-0273721,7/4/23,7/4/23,0,14,126,2,1,,Executive,AGAPE SERVICES PTE. LTD.,4500,3000,Monthly,0,Closed,Quality & Production Support Executive,3750
"[{""id"":13,""category"":""Environment / Health""},{""id"":18,""category"":""Healthcare / Pharmaceutical""},{""id"":27,""category"":""Medical / Therapy Services""}]",Permanent,7/5/23,FALSE,MCF-2023-0273436,7/4/23,7/4/23,0,1,33,1,1,,Professional,ABER CARE PTE. LTD.,4200,2800,Monthly,0,Closed,Staff Nurse - Elder Care Centre ( Mon to Fri ),3500
"[{""id"":31,""category"":""Purchasing / Merchandising""}]",Full Time,7/5/23,FALSE,MCF-2023-0273714,7/4/23,7/4/23,0,121,610,2,1,,Executive,OVIVO SINGAPORE PTE. LTD.,5000,3000,Monthly,0,Closed,Purchasing/Logistics Executive,4000
"[{""id"":35,""category"":""Sales / Retail""}]",Contract,7/5/23,FALSE,MCF-2023-0273857,7/4/23,7/4/23,0,6,101,5,1,,Executive,HO BEE GOLDSMITH & JEWELLERY PTE LTD,3000,2500,Monthly,0,Closed,Retail Sales Executive,2750
"[{""id"":11,""category"":""Engineering""},{""id"":21,""category"":""Information Technology""}]",Contract,7/5/23,FALSE,MCF-2023-0273795,7/4/23,7/4/23,0,305,2083,0,1,,Fresh/entry level,PHARMENG TECHNOLOGY PTE. LTD.,4500,3500,Monthly,0,Closed,Data Analyst (Entry level),4000
"[{""id"":8,""category"":""Customer Service""},{""id"":23,""category"":""Legal""},{""id"":30,""category"":""Public / Civil Service""},{""id"":37,""category"":""Security and Investigation""}]",Full Time,7/5/23,FALSE,MCF-2022-0846304,7/4/23,31/10/22,2,61,657,3,5,,Senior Executive,WSH EXPERTS PTE. LTD.,3000,2800,Monthly,0,Closed,Investigation officer,2900
"[{""id"":11,""category"":""Engineering""},{""id"":13,""category"":""Environment / Health""}]",Full Time,21/7/23,FALSE,MCF-2023-0273719,21/6/23,7/4/23,1,22,399,5,1,,Manager,DAEWOO-DONGAH JOINT VENTURE,7500,4000,Monthly,0,Re-open,Environmental Control Officer,5750
"[{""id"":5,""category"":""Banking and Finance""}]",Permanent,14/4/23,FALSE,MCF-2023-0227275,7/4/23,22/3/23,2,1,68,0,3,,Fresh/entry level,STAR RECRUITMENT PTE. LTD.,4500,4000,Monthly,0,Closed,Sales Consultant/ Banking and Finance/ Basic $4000/ MNC,4250
"[{""id"":25,""category"":""Manufacturing""}]",Full Time,7/5/23,FALSE,MCF-2023-0273738,7/4/23,7/4/23,0,9,131,10,1,,Non-executive,VEOLIA ES SINGAPORE INDUSTRIAL PTE. LTD.,4200,3500,Monthly,0,Closed,Senior Operations Technician (DCS Boardman),3850
"[{""id"":25,""category"":""Manufacturing""}]",Full Time,22/7/23,FALSE,MCF-2023-0273758,22/6/23,7/4/23,2,11,202,7,1,,Non-executive,VEOLIA ES SINGAPORE INDUSTRIAL PTE. LTD.,4200,3000,Monthly,0,Re-open,Senior Operations Technician (Waste Water Treatment),3600
"[{""id"":2,""category"":""Admin / Secretarial""},{""id"":7,""category"":""Consulting""},{""id"":8,""category"":""Customer Service""},{""id"":12,""category"":""Entertainment""}]",Full Time,7/5/23,FALSE,MCF-2022-0938020,7/4/23,29/11/22,1,26,226,1,1,,Middle Management,STRATEGIC WEALTH CONSULTANCY PTE. LTD.,7500,6500,Monthly,0,Closed,Marketing Executive,7000
"[{""id"":11,""category"":""Engineering""},{""id"":33,""category"":""Repair and Maintenance""}]",Full Time,7/5/23,FALSE,MCF-2023-0273808,7/4/23,7/4/23,0,15,212,3,1,,Executive,DIESELMAN MARINE SERVICE SINGAPORE PTE. LTD.,9000,6000,Monthly,0,Closed,Service Technician,7500
"[{""id"":15,""category"":""F&B""},{""id"":19,""category"":""Hospitality""}]",Full Time,12/7/23,FALSE,MCF-2023-0273812,12/6/23,7/4/23,2,0,55,2,20,,Executive,FRESH BAY (S) INVESTMENTS PTE. LTD.,3500,3000,Monthly,0,Re-open,"Senior Supervisor | Up to $3,500",3250
"[{""id"":1,""category"":""Accounting / Auditing / Taxation""},{""id"":2,""category"":""Admin / Secretarial""},{""id"":5,""category"":""Banking and Finance""}]",Part Time,7/6/23,FALSE,MCF-2023-0273790,8/5/23,7/4/23,1,41,895,5,2,,Senior Executive,AVANZ ASIA PTE. LTD.,4500,2600,Monthly,0,Closed,Senior Account Executive,3550
"[{""id"":24,""category"":""Logistics / Supply Chain""}]",Full Time,7/5/23,FALSE,MCF-2023-0273792,7/4/23,7/4/23,0,11,104,2,2,,Junior Executive,TRUST RECRUIT PTE. LTD.,3000,2500,Monthly,0,Closed,Logistic Officer - Shipping - Freight Forward,2750
"[{""id"":16,""category"":""General Management""},{""id"":35,""category"":""Sales / Retail""},{""id"":41,""category"":""Others""}]",Permanent,7/5/23,FALSE,MCF-2023-0273742,7/4/23,7/4/23,0,6,78,5,1,,Manager,RECRUIT HAUS PTE. LTD.,5500,4200,Monthly,0,Closed,Senior Sales Executive (IT/Printing Solutions),4850